TRUNCATE TABLE data_request, consent_request, audit_log, data_request_data_product, contract_revision, otp_challenge, notification_batch, notification_recipient, notification_inbox, notification_dispatch;
DELETE FROM notification_template WHERE id IN ('a0000000-1111-2222-3333-000000000001', 'a0000000-1111-2222-3333-000000000002') ;
DELETE FROM users WHERE given_name NOT LIKE 'SYSTEM:%';

    -- ===============================================
    -- data_request
    -- ===============================================
    INSERT INTO data_request (id, human_friendly_id, archived,  created_at,  modified_at,  data_consumer_uid,  title,  description,  purpose,  state_code, submission_date, data_consumer_city,  data_consumer_country,  data_consumer_legal_name,  data_consumer_display_name,  data_consumer_street,  data_consumer_zip, contact_phone_number, contact_email_address, target_group, valid_redirect_uri_regex, data_source_system_id, consumer_signature_type, provider_signature_type)
    VALUES
    ('3da3a459-d3c2-48af-b8d0-02bc95146468', 'SV29', false, NOW(), NOW(), 'CHE101708094', jsonb_build_object('de','Basisdaten für Zertifizierung Bio Suisse','fr','Données de base pour la certification Bio Suisse','it','Dati di base per la certificazione Bio Suisse'), jsonb_build_object('de','Übermittlung von Personen- und Betriebsdaten zur Prüfung der Grundvoraussetzungen für eine Bio Suisse-Zertifizierung.','fr','Transmission des données personnelles et d''exploitation pour vérifier les conditions de base de la certification Bio Suisse.','it','Trasmissione dei dati personali e aziendali per la verifica dei requisiti base per la certificazione Bio Suisse.'), jsonb_build_object('de','Vereinfachung der Erstprüfung im Zertifizierungsprozess und Reduktion manueller Dateneingabe.','fr','Simplification du contrôle initial dans le processus de certification et réduction de la saisie manuelle des données.','it','Semplificazione del controllo iniziale nel processo di certificazione e riduzione dell’inserimento manuale dei dati.'), 'ACTIVE', '2025-03-11 09:27:55'::timestamp, 'Basel', 'CH', 'INTERNATIONAL CERTIFICATION BIO SUISSE AG', 'Bio Suisse', 'Peter Merian-Str. 34', '4052', '+41 61 204 66 66', 'bio@bio-suisse.ch', 'Alle Bio Suisse Produzenten', '^https:\/\/([A-Za-z0-9-]+\.)*bio-suisse\.[A-Za-z0-9.-]+(\/.*)?$', '5335d715-e95c-4777-a424-ab73f2ff5618', 'COLLECTIVE_SIGNATURE', 'COLLECTIVE_SIGNATURE'),
    ('81ae8571-9497-413a-99c5-237e72621ca7', 'TE33',false, NOW(), NOW(), 'CHE101708094', jsonb_build_object('de','Tierdaten zur Kontrolle der Richtlinienkonformität','fr','Données animales pour le contrôle de conformité aux directives','it','Dati sugli animali per il controllo della conformità alle direttive'), jsonb_build_object('de','Übermittlung von Tierdaten zur Prüfung der Haltungsform, Fütterung und Tieranzahl gemäss den Bio Suisse-Richtlinien.','fr','Transmission de données sur les animaux pour vérifier le mode d''élevage, l''alimentation et le nombre d’animaux selon les directives Bio Suisse.','it','Trasmissione dei dati relativi agli animali per verificare il tipo di allevamento, l’alimentazione e il numero di capi secondo le direttive Bio Suisse.'), jsonb_build_object('de','Sicherstellung der Einhaltung der Tierwohl- und Haltungsanforderungen im Bio Suisse-System.','fr','Assurer le respect des exigences en matière de bien-être animal et d’élevage dans le système Bio Suisse.','it','Garantire il rispetto dei requisiti relativi al benessere animale e all’allevamento nel sistema Bio Suisse.'), 'ACTIVE','2025-02-08 14:22:23'::timestamp, 'Basel', 'CH', 'INTERNATIONAL CERTIFICATION BIO SUISSE AG', 'Bio Suisse', 'Peter Merian-Str. 34', '4052', '+41 61 204 66 66', 'bio@bio-suisse.ch', 'Alle Bio Suisse Produzenten','^https:\/\/([A-Za-z0-9-]+\.)*bio-suisse\.[A-Za-z0-9.-]+(\/.*)?$', '5335d715-e95c-4777-a424-ab73f2ff5618', 'COLLECTIVE_SIGNATURE', 'COLLECTIVE_SIGNATURE'),
    ('98a35e61-0162-4986-9e9e-ee5c65f86316', 'KP76',false, NOW(), NOW(), 'CHE110013660', jsonb_build_object('de','Rebbau und Biodiversität im IP-Suisse Programm','fr','Viticulture et biodiversité dans le programme IP-Suisse','it','Viticoltura e biodiversità nel programma IP-Suisse'), jsonb_build_object('de','Erhebung von Rebflächen in Hanglagen und biodiversitätsfördernden Strukturen zur Förderung nachhaltiger Anbaumethoden im Rebbau.','fr','Collecte des surfaces viticoles en pente et des structures favorisant la biodiversité pour promouvoir des méthodes durables en viticulture.','it','Raccolta di superfici vitate in pendenza e strutture che promuovono la biodiversità per sostenere metodi sostenibili nella viticoltura.'), jsonb_build_object('de','Verbesserung der ökologischen Bewertung von Rebflächen und gezielte Förderung biodiversitätsfreundlicher Massnahmen.','fr','Amélioration de l’évaluation écologique des surfaces viticoles et promotion ciblée de mesures favorables à la biodiversité.','it','Miglioramento della valutazione ecologica delle superfici vitate e promozione mirata di misure favorevoli alla biodiversità.'), 'ACTIVE','2025-04-01 07:12:05'::timestamp, 'Zollikofen', 'CH', 'Schweizerische Vereinigung integriert produzierender Bauern und Bäuerinnen (IP-SUISSE)', 'IP-SUISSE', 'Molkereistrasse 21', '3052', '+41 31 910 60 00', 'info@ipsuisse.ch', 'Alle IP-SUISSE Produzenten','^.*$', '5335d715-e95c-4777-a424-ab73f2ff5618', 'COLLECTIVE_SIGNATURE', 'COLLECTIVE_SIGNATURE'),
    ('341f558a-781c-4eb5-bab7-c2f39216b9f2', 'QW94',false, NOW(), NOW(), 'CHE110013660', jsonb_build_object('de','Flächennachweis für Hanglagen und Hauptkulturen','fr','Déclaration des surfaces en pente et cultures principales','it','Dichiarazione delle superfici in pendenza e colture principali'), jsonb_build_object('de','Nutzung von Flächendaten zur Kontrolle der IP-Suisse-Vorgaben bezüglich Hanglagen und Anbauvielfalt.','fr','Utilisation des données de surface pour contrôler les exigences IP-Suisse concernant les pentes et la diversité culturale.','it','Utilizzo dei dati sulle superfici per verificare i requisiti IP-Suisse su pendii e varietà colturale.'), jsonb_build_object('de','Reduktion von administrativem Aufwand und Sicherstellung der Richtlinieneinhaltung.','fr','Réduction de la charge administrative et garantie du respect des directives.','it','Riduzione del carico amministrativo e garanzia del rispetto delle direttive.'), 'ACTIVE','2025-01-25 13:54:13'::timestamp, 'Zollikofen', 'CH', 'Schweizerische Vereinigung integriert produzierender Bauern und Bäuerinnen (IP-SUISSE)', 'IP-SUISSE', 'Molkereistrasse 21', '3052', '+41 31 910 60 00', 'info@ipsuisse.ch', 'Alle IP-SUISSE Produzenten','^.*$', '5335d715-e95c-4777-a424-ab73f2ff5618', 'COLLECTIVE_SIGNATURE', 'COLLECTIVE_SIGNATURE'),
    ('218bca06-e792-4855-bcd9-e3559cea3d18', 'KR11', false, NOW(), NOW(), 'CHE403244345', jsonb_build_object( 'de','Antrag auf Animal Tracing Daten für das Bundesamt für Lebensmittelsicherheit und Veterinärwesen', 'fr','Demande de données de traçabilité animale pour l’Office fédéral de la sécurité alimentaire et des affaires vétérinaires', 'it','Richiesta di dati di tracciabilità animale per l’Ufficio federale della sicurezza alimentare e di veterinaria'), jsonb_build_object( 'de','Das Bundesamt für Lebensmittelsicherheit und Veterinärwesen beantragt die Bereitstellung von Animal Tracing Daten', 'fr','L’Office fédéral de la sécurité alimentaire et des affaires vétérinaires demande la mise à disposition de données de traçabilité animale', 'it','L’Ufficio federale della sicurezza alimentare e di veterinaria richiede la messa a disposizione di dati di tracciabilità animale' ), jsonb_build_object( 'de','Nutzung zur Kontrollvorbereitung, zur Weiterentwicklung von Richtlinien sowie für aggregiertes Monitoring und Reporting, ohne Weitergabe und ohne Marketing.', 'fr','Utilisation pour la préparation des contrôles, le développement des directives ainsi que pour le suivi et le reporting agrégés, sans transmission et sans marketing.', 'it','Utilizzo per la preparazione dei controlli, per lo sviluppo delle direttive nonché per il monitoraggio e il reporting aggregati, senza condivisione e senza marketing.' ), 'ACTIVE', '2026-02-18 09:27:55'::timestamp, 'Bern', 'CH', 'Bundesamt für Lebensmittelsicherheit und Veterinärwesen BLV', 'Bundesamt für Lebensmittelsicherheit und Veterinärwesen BLV', 'Schwarzenburgstrasse 155', '3003', '+41 00 000 000', 'dummy@dummy.com', 'Alle Datenproduzenten', '^.*$', '4ccbfa06-a547-4a76-9dfc-61c22a4ea8ce', 'COLLECTIVE_SIGNATURE', 'COLLECTIVE_SIGNATURE'),
    ('dc7dbc72-084c-451f-aaf9-7db7561d157d', 'FA87', false, NOW(), NOW(), 'CHE403244345', jsonb_build_object( 'de','Antrag auf Zuchtorganisationsdaten für das Bundesamt für Lebensmittelsicherheit und Veterinärwesen', 'fr','Demande de données des organisations d’élevage pour l’Office fédéral de la sécurité alimentaire et des affaires vétérinaires', 'it','Richiesta di dati delle organizzazioni di allevamento per l’Ufficio federale della sicurezza alimentare e di veterinaria' ), jsonb_build_object( 'de','Das Bundesamt für Lebensmittelsicherheit und Veterinärwesen beantragt die Bereitstellung von Zuchtorganisationsdaten', 'fr','L’Office fédéral de la sécurité alimentaire et des affaires vétérinaires demande la mise à disposition de données des organisations d’élevage', 'it','L’Ufficio federale della sicurezza alimentare e di veterinaria richiede la messa a disposizione di dati delle organizzazioni di allevamento' ), jsonb_build_object( 'de','Nutzung zur Kontrollvorbereitung, zur Weiterentwicklung von Richtlinien sowie für aggregiertes Monitoring und Reporting, ohne Weitergabe und ohne Marketing.', 'fr','Utilisation pour la préparation des contrôles, le développement des directives ainsi que pour le suivi et le reporting agrégés, sans transmission et sans marketing.', 'it','Utilizzo per la preparazione dei controlli, per lo sviluppo delle direttive nonché per il monitoraggio e il reporting aggregati, senza condivisione e senza marketing.' ), 'ACTIVE', '2026-02-25 10:38:55'::timestamp, 'Bern', 'CH', 'Bundesamt für Lebensmittelsicherheit und Veterinärwesen BLV', 'Bundesamt für Lebensmittelsicherheit und Veterinärwesen BLV', 'Schwarzenburgstrasse 155', '3003', '+41 00 000 000', 'dummy@dummy.com', 'Alle Datenproduzenten', '^.*$', 'e93f1023-850d-4188-bf40-50e5eedaaa57', 'COLLECTIVE_SIGNATURE', 'COLLECTIVE_SIGNATURE');

    -- ===============================================
    -- data_request logos
    -- ===============================================

    -- Bio Suisse
    UPDATE data_request SET
    data_consumer_logo_type = 'image/png',
    data_consumer_logo = decode('iVBORw0KGgoAAAANSUhEUgAAAF4AAABMCAYAAADkzAD+AAAABmJLR0QA/wD/AP+gvaeTAAAPAklEQVR42u1dC3gU1RUebW3rs76oyQYLVhQxO7NZtoCAaMQnKDYVaYuI+EBQPhTfaK0C4oNaq2gVQYSQ3U0CiQg+UJG3QbFqeYZnCAlJiOQFeT9IstPzz86sdyYzu7PJJt9m3fN994Odnb1z7z/nnnvuf8894biotEsOc3G3R1HoYsnjLJcVcJb6Ys5yfhSNLhKR404m0DdTEaNa34VCgD8B0L0ldn4UkS6x67EOArzpJ+AtB34ePZ/JnWxNt16YkBqfkOCOH2p3Wv9od8dfPjDlsvM6+9Fl3PlnEtA5DOhSyeN6xEQczn0X9T3T5rL+xeYW3k1w8TuoNFIRDUp5glNYn+CyzqAyhIzxSSH2Ylxa0FGKuLhrIgZwW6ptIAHpplLnB+hA5ZDdzT8fitFQwMU9pge6t8Q92O0B95oQfo0ZYG9Yfq14/5f3mXkBNXYXPyc+I/6M9rSpkIsZQQC3MGA3F55+cbHyuZCzvNltAR+cMfhUMg9zCaQWM6BPWfeAWNlUKUKW53wgDkxzmHkBhXaXcGtwoPccSODWMKC31sxbklsxYdo237WTeq7ulqALLqGvbL9NmZA3t84VWz2tIis7SreLw5YNMfN7D16wY4HjlMA2PSaegC1nQPdUv74gF8+rWeBSJtnWqhmvZXVTW24tMwv6ezvni0ayp2KPeNWyoabqIdOzDhO3UbtowkwgUEtZW1428s7dyrNObN1VC5NT804yXkRB97LnLmtiMJPn4uxFYiCB5ps0O6LNxW/Rs/v5nGUIgXpMO4mWDB+zU3mOp6FRrE3JLJQ/VnWvSdTFVwZjXsxKxv5lpj0fu9v6BWt2aKK8AxyMnvdSfNGgfQaP9FD5RdiDzqfy55DnkmcWnKnrp7Sx6YHkmazpwbidr8t++i3GLiN5L+TJ+HnkOeGv7U5+pVlQEjOGiRUNFWKwUtdcJ45ccaNZ4D2CUxi1m4v/FQG82wB4T8X4h/Lb6rpHrHz65ZyiQSN6hjXodrdwezCLoM/yVontlXUFa4PR+kLYe3IfE3U0/VjD5+tr2mBeXeM5esWog9LES3RC2IKemNz7N3YnX2AWjHGfjSXj6RE7IvesvisI8K0vyXZ+nQL6kfPif2ytOK5bd8W4qdnKaABVHL4mxi1MCUbbvy3eInZUNh/JCkbrax1pjvNZrT8S1/+wUd0Vdz+iAF8X1qwidSzXLAhJH90qhkIwYm5ZOVKq86mvnpBoBr8uppP/h8y575cIsLMuParU1bT5+5rmnLwTPuAnPbVHBr4wfFenTmF4MNqenL1YDJXM3zFPqnPahqnihoL1gZ59EKwmbXD8XbLvp/Sq9tTUihVjp+Rhldq4/usqpd7ysQ/KE3HcxvBdobqE94MBPr8qP2TA763YK9V504c3SJ8f3TjNv9bTalqmCyRKoOiMS8oU09O4JssHfMngUTne7T/LwjBepQr5ZkEfnnm1GErBGgBu6YDU/tLn/cf2EWUg+DU3NFmS1luKtR4OeTdVYnOzWD56Yj7DTj4VnqAnJ/QORtthEkItD66dLNXd4mmRPj+8fqo/KmGt7N1kaIGvfHZOedHvhEKVu8nF3hSevjtRsUadvJNcRu21F/87O+TAo87+bptvBRzA1pd4V7KWWf5WsopHQyEep4UrGfaEXgdvXH6dWN9cLzrcCarr72x/O+TAL9q1UGXCTrSe8MtkgtYgTR4XCPhCLm5BONv3f+l1TtHs0Z8kBc1CBivOPSnSgoyV6VlPGgKPPQKYkADA1x7iYnuFL03g4ufrde7L/NUSAC9smdluJtKspO11izO/eV51LX1fmrG5cccPIE5+sD/gKdRjUnhvdhi4korLuPbwGtX12d/OCjnw7+1cIK7IWa66ll2+yx99METe9tMlzGD/u8OGx1xtx2DXlYmuqaVRvHrZlar91FDLS2TWyuvLVNeONx43NjVOwZrPxQ3XAb2Mrt/cTXaahJmBfPVXv5/j+w57p8Hy74HEaMK+In2APvBuoSeBnMRuclNJ7lbBSza39U5tx0atvFkFwMHjB1WLmgPH9ocMdPA1H2rMjCJQAB3g68EtERXwuAz6pgIuZkC329BGmJ22czctv74NCM9ufsb3vXuvK2TAF9ceEauaqnS/uzYzUQd4YZtMlE1BTE23jZlJ3JD4S+pQNds5+NBaKa0vFYekD5K+H/Pp6JABr6xW9UQvJIS8sP9wkSK0DP9c28Hqpuo2QCzbv9T3/S7yOjpTsD2oz9VYb4sY4Glz+35tB3eW7dQFRDE5s7bM6FTgMa/obYa0N9QvLMWR4fgtJi22kym7k3UBaST3ctKa+yQ2saD6cKcBv/LgCj3/PYWLNJFDrX2dBGNoJA3NDeTPTxYf3/RopwE/45vn2tp3cgQiCvSj3AWn06LkIurcCaWTYAtL6kr88uigD7aXbgs56CDJrsm8Sgv8ZxEDeD7XK5bcshVU3pZ5m3+znX2XtuUCSe2J2pADr6UpqDT3T7EKEQG6TKtWyYuQmjyu99kIFGVDPIYuHSwt3btSsKAa//k4rW1/NSJAJ+ZuGsgkNXdteUXa+HYJw6BhSqdndrL3ohWwohpt34H4/AgA3XKdzG1oCaaGPC6mt2Ry3NbH2c5j6HeFIBzw+g+Gs5pe5lhivTgitJ04jl3GOzaWdUrUFWvvsWI18utDuYKdtGYiq+l10iG1SBDaPLg08HaZ5UnpZopfoQDWNxQgQA1vLdnaKaDDi3ls4yMs6Mdh8iLGiyEzM9TEBnEL3TfKR6J5zY5k87FoAm3Q0ZhJVsqIA9Joei7v5vmI8td/5GJ6GNj3NvuV7PlQm9N2JQFyWAFnwhfjxd3l2R2Op/k49yPVJgtRFxlYRXORKATqUhPAi/LJC98pPHAkcOvYRda9qyeIqw59KlYG4XKC5UzflyresmKE6swrYuC5SBbS5PMQyGkSfBodcc+xYc721H69SDPfZs9HYZWLKAG4nouz35fi5uEWonya+7G0p4q92jGf3KZ1FXOIX59IL/VX3M9BaKP4ErLj+0yCj/jDb5ADhq1jkLvPWTT53k3H5D/R8vmBAk9p5MyD+Qr1sfrupPnLzIIPP5/Ka/TSztXbTCEvpD9tD45FrgLZFV2A0BGc2ia+/zE6Pj8CCSa4qCg2P3aYd9/S9AsgmiHujQLuwouj6IWEMIvtRy/hde3BXT/FQz7/11QeolHQJ4pgBwUTKQE5yBsUGvcdTkibfBGHqKTJGZJuRdKeiMwV01WCaFucpqYX8TCNiBQC9Vv6f0kQpgkZkw7TS8ylf9cgXh1H4hHjHkW3HVLK9TijgLvACtKNKObRBOo9pOWP0OfpyBGD2EUCeSJCMGDGaBSdGkUtKlGJSlSiEpWfs/RP5R1GxeGM//2YjDG6uVjwHXuv0X0S5+Lik7y8O4Vs09F6W4rNHohHsS+290A4HcW6PEA0wc2gDdq03Wnt5y/LHk4cIuSavYbYdyLNztW9n06CUHTzvURB3IPjOEb1oi2UEONaEHDUt3E4it8GH6KfjXC1u+JtnAnS6Rh1/B3qxNlsxdoAJW2qqT5v9fk1nRl9xU8Wph3I0qQLgPfAGhIJraLnOEF8UV178bLV9/HfE39zlyHwFBkGXkfzmxxwPqqXnG630PWN8p6ASybm6pTEEqp7U/jBdP0A1fs/uW2bEPpHdY5W3UfcEV1vovKDtkhHOoNg/TaZBR6gyx0JVGczUcB3qOu13kANa2D3Q5FFiZjKVG0bQgY8ZWpCQbvZkQGlYzP3UTtOo2tHpRfCjFgkJUWIIju6ADxCWTjjxqliwzdTp6dLxcnPYneFlENZZoBve/zGeoDqnGp3Cn+j373JhndIDWaGNShdupbZRtPA09P9LAMpAe+0ju8I8DKYHqTM1fn9XLYtMC9QCqSA0cHxO8Ls0XYCb52r+S5Jo6FJgYB3uPrFalLRFmltKmyoKjSahqzvOyf/Foa6XlsxNwCoUAIPEJHvEqDqzjMptkt9n5381VLfNGZXHiEXwWSFBni38DLz/QloXSDg5QmHDfR/TvtMTMQE/o/MfVXK5AkTQ59bqeGzA+0cAXgc9emoqcFeLBSEHdF6gvZgG5HqzaIXEufXOQgOeGlCy/UWVT7IegJqshkbL2/biT9t2wlX6DbMKSxV3UceCvPCJ3gndf4gvBqjSK+QAU8aTNdXeE0On4EMHsaAxl9O922XJl8KT2GVUWdyLcIpcW2R+mNyYt1HANxnCngXn6Y5nv4HXbPhtfXMSQzaqmMEDfTOM5ICFGufrwAPd66jwP9k5qRoh1V4ATjFYhhlhsRH5BTgvBQsAbCA26wDfKusQOriFp7VmpoD0rCjglkeSdLUeRr5pwMDb12oNjXks+pr62LVsykXpd59ZDtPJxBekEYdPbMzgWfXNjAnMIGBYubhRsrm5wA7l3XIxstu4VY2M7WyUDICHh6RGnh9dw9+MHNfS6B4FzkzaxM6pAJe446GAnhJEOnm4pdQ2RNosQfAcR8BvSgkwMsAO7WHb/1qvDeLqtr/1zQcG9ea52YpkxdenHbYMt7QWraNBOpXeiaI8a/TsRnuD3h5Mk/SxSY14RLpJLq8cIM7bDQBy8nuitoHvJtPhk1GwWTntWOqVLTVSkpYf368FyAVsPPgZmK0yGHa6sRwKfyfmPaU2FP5qwza+qXNKbzm+0yLKq1Ga+6nlaIwzS/w3j7+oPd7hPpJo1Z2E7GqhbtroBSTkUG2vV5NgFy8/GwzCyjp2I2TrzBZ7xKtecCfnNByM/IoaWL9bfJo/krXSvU8C1tq/DVYqGkndy3wGMHywbgkg3loO2PPkfSoRlunvBbYDgULNfB10DQWjEBcjTxisv3U2QJt1ZJrA5LjY8DLSHMAHdNEZ5EnzPsiNaaQTJicHaQ0wWl9hu4ZKcXeOPn30Ga4ojr9bUsZkLnCwgjajGyw3vgd/iPUixeuUYyFimeCker9LbwbYRtL2MleTaWPCdAU2Mk5egWunJc6sN2ot0Qmbfszez/Lc7ALJQJhjDREKW04XgRytxNILzrS+MuMlAETLTwoHAiD2cJLNloPyMTVdQhwkv7MBQguN/9P2Gd9RROe1PO0aJQOwuTo/QMvfKa/uUZO1ZtJZYNEqtG6Q2eE9jXCFuX/yN2RmaScHJoAAAAASUVORK5CYII=', 'base64')
    WHERE id IN ('3da3a459-d3c2-48af-b8d0-02bc95146468', '81ae8571-9497-413a-99c5-237e72621ca7');

    -- IP-Suisse
    UPDATE data_request SET
    data_consumer_logo_type = 'image/png',
    data_consumer_logo = decode('iVBORw0KGgoAAAANSUhEUgAAAMgAAADICAMAAACahl6sAAAACXBIWXMAAC4iAAAuIgGq4t2SAAAAzFBMVEUAAAD////////////////////////////////////////////////////////////////6/Pvx9fLt7Ovc7+Pm4+Ld2NjF5dDywL3Ly8us2ry9vb2T0KnwoZ2ur698x5ftg36hoaFkvIOUlJTqZF5IsGyJiYqAgIF4eHgtpFbmQzxubm4Xm0NhYWEAkjQAkTDmHhTjHhTfGxLUGxJRUVLFGRG1Fw+iFA49PT6PEg19EAwrKytsDgpXDAlFCggaGhsxCAceBQUNCAgCAgPVd6xmAAAAEHRSTlMACRkwRlpufY6cqrTC0ePzHrrsuQAAGHZJREFUeNrMlw1vqkwQhV9A60cV2d0sgRA3Eo0SCYlS2m7Lbbfu/v//9O7iZwUFRe/1pE0aU808nDkz43/3kKYbRqPRbHW6PXMALCVg9nvddrPZaBi6rv338NJ03Wg+tTrPPVMiAAlg7QUAGCieTqvZMB6ZRjJIhL4y4bwyHEnziDCa3mitG6mqBoN+r92UzjyWFW0JYV0s2WrdljTmUSg6vYF1tR6DRdMlhWnV1KDffTK0f4lhtHrmOhX1WTpN/V/1VKPdH1g3EzCf/4kterNb14x89HstQ/v7GNYdlKE8GMbjo+iNTnUMcE3un4y/MqnafVABACFsO44zdK5xpXv/CaY/9QalDLYzHE0mc6nlfGhdI7PT0O5qR6N7FgNArBgkwDLeaHTlBOu37miK0TLPOrGGmE/m8XKreAKuTf3zvUzRms+n7ZBWSAjpw8Sx0XDHsYhH1y+bfsu4Szpa5hkvRnNJoYxQhTvzON45Ai2pxzFFM06nAwyVF6p25QiyLDyZjEab/qoBopLypN96BZ6ZuXC0NSCWhWPlEAT2PK7riNKgbdytrfJyFEFW9cjBG2A0Wb82x5bUg7SX0RkUGo/RvuhMI7jP/vq1WILUVK+p3SoevcK2wn7ig01I1paogAD1kq2yv1Z9EMu8TVC0Zr8wGF7ERLSpchuIuWMPR3g7tmo7sg+KfgOOpyIOaAepYAmB27ivQeK5JHJ2vRZLzW2rvgYdo/5tVRRzPKac0zEG+7hnyobwECLlSOaJXPMKpD5J17jHuIIzJnhgAwvYNtjHfdtM8l5UBKPh0LGd7B/qCzwb9TiKxxVhghFZvk+TTQSGawgpyTCSBAgBYN1SkuT26wOFXCS2invq7uOeQUyGDobnHy6ASqAOSX0OiLMyPRX1VPCIoIPtrvYhOlcgxK7nT4NQKpiNiefaENyfRMtzQC+kdGarlHAhhIz77tusMx+VWIHccUhTxrh6K5diLKXR1JMwdyXR8vMKjVNVQyDrtankcIHEcAleX8BnKQAmUcrFsRQOjXwXXUBSnwP4jNMkpQRkf4vUk/WNKRuXP1HkJ0ycFKchweBO+6Rgn7uURy72XKC6CUdChDZJJM8YnMk1wrbrkoiJ82KJj0EVEv3S+yrPAcZczSgA3fGUoG3emcp7gSSBS8azKKE0TRkXpeIJQRVIWpeRGL2C0iKREpj1OmczCAOumsLHRRAumSWUcc7FBWKhCypckNolg7cDCvokFIIGm15nxHKpSAMX5ChsbyohhKQUl4oSWErSb9Re6GTDEAVU8BAAP/RgfjgFNOXiWrFpeXv1jOpBN3OhVfcGmjHO09BDUCKFwILHGNCdUsZFHbEAlx+QVWOSCzois5lKIvJ8YsPMGz4GOTO8UHpRVzwsJ2lVi4neParRDpkQKQGZNbaHgJsIenyd42zE1hfnASoNfLPS5D0OCI44ZzzJKgdekoYzyhXWoVCGwU+UtpISlcVm6CYbvmnm1geber6b3Yso5Kre1IdHJxgrIlj9fP35/HzP9IdXJ/FBCQiosBeNZ+u3bCoCaIHsXpxiN2KMRR44/FR7lopjKYaPt9eXeLlcLOXv4uUCktQr3yYXN5blpdy3rHWxfIawRzz0+4yi/NiJ78/31xdZ/XKvi0gSu/YMbpgF2yPxSMIFZwXPCrjHXSUp3l4Wix3FnuSzclD4DJY1V1s731jd/KmYSgTFMCWJEP7R5iBHdqy+3l+WeYqMJK5Oknr1Jpf2lF/pKFClZrnwGP8Ngqe/7fj58xbvIfIkH5VJwjqTK78KEVJpD2ia+Gh3/u7lRjyHsTyn6iSM1FmLevu3ITjI7lHkuhjKH4/ywwcFvOSQY5XDqOVJhEuvR+N00vvHG4Rv7lFAaBKmgh4YAkh6GM+vrKnK9f5Tz5J83suPd6gSwAJbNREVUvRgf0D/kOPn42VHsdio2JOqJLw8JWaj6tELfZp9c4MyJylLI/cEx+rr7aDSl7d3qZN9FlcjUe6X6cR+17t599xwYwpyiYcPEVmhHYv47fP7Z7XiK5X8Wt3Fx+C6EawdGQKg+iC0NmXfU3mO77flYuvG658fvvPpIz7RXR+8UtxRaUq6erkhwAsIBsqUKNuG2CrOOf963dvxkT3rPUkxyOv3rXrLbJQnBEfif1KtdjltJAjaucolP1KXW8nCJeOCAsqAC4MUJAToA0nL+7/TsTm8vaNZtHEyv1KpiGxrpnt6ZlWvR4H6k1rL1TPDNJg4cpQV8yBNFttwVH+uW2CJkyFqlXjd9ajLqcIorvCAl56D0xZXWFpwJOX5F2MmPp4S7ha9cFloKMHMGECC9GzQAHWV88pvdvEfGK6VZ1v5CTqY3Hep/pXN4F64KuR1HSAE9V7AAS2yHLDNGBD8M2eknO0PT9MnmpK/+lwWJj8FpV76VLBYXamwMrjdxx0cWfOBLVfQPc/T9G3z8sAcF5unePhqiK2HZM4Cz82el8tfAZIxuFLrNYtiwGBEUfT21DdhffpGn8FNh7/A6ocQRJaJccod3jQtLZdgVdmxPLVuIN7jJRvRZrOJph5Jyece7RWjdBl6kK+5gP2S+gQmkWP0OEp217QrVc6SLK+a1lZagDG+ZGOjAimBAjO7iB4iD4vQuwKRE1ZYrEfYNbVE8fXpmjJou/0lMZKSPdAcH78qGNdASrALti/fg5U8v0MRk7oOdZ2t7dUfJ6ezmyLH1gZVW+atTgzLyNNbtEG8PpLawnqe26xgkl6hBKOD1nMFCkT/4QZySsyE2LyiBFQkRrL91sOLCSR6FmTm/WRUFv4aUNTqsC5qw/MM0s4RAaRyUT2GYPV0TDXG4LdSe0oiKDC6OyrLCkWlRW9HxVzektUt4wiyBsHqJREia3VK/uUpAd15K/n8vesDrlBWaboIBewX6yCoG8mFNYmJYLlIxN8KUiKezdIC3Wlt3X+lMML56jqp+0GAR8RCkoJw1BaR523ulmdE1jAD/PBK6W6xKeiGGDbUpm8wmmA3ShNyxH/PvAcbUyBYzsoCbOYbxZjU1rMgugXjS88rD0MRprUsFgHZqWimO0fxNncKFjSr563oPZp4NFISobsTC0x8lpjV9XzoBynmZkhW73+/17rZlvttzEZCd2WhdZZscH+Ymil5faB+yzJSeSu1rlRWpD5IQwDFqLaQmDqpY9W0bfP/EtspWOiGCG72Ux90j7huYQkB8YUrnP3cXBejYCEL3tRbxhD0s+3uEoljJHRUFtUOOG9VW0AypiSxGEY/Pa+Cwfos52ppjRoNC9YLrViYnmnBYnHa3f6d4zvYua27R9GLRz/s4KOItzzXaVr/vO0c1YdBl+oy/+EO5rBclcXLtGXdfUxq65GRBM7X/CygGAkRrLBb8tdW1+sOyDLvhn3PVeym5JE4x2fqgHUXQfjzWspi5g3nawnRCGu8Rmf0OSzEiWuWZcCRM7tNmQrC9nvLtO6NFouh569UXo3KchDUtYtzd8P4EsaTDeuJ05vGUSi7Ba4Diqf6IjalZmUlHwFiCJZ0+aw4SXYJ0q11C58mwG8xkii2/31j7TCaTwba9w6KD1UWFyzZOLqhakLNqTru3h9+f7YIQRLugHEPd/9FWD8b88gqbFI7Kstx0dZWra2yAPndFsjTXvdENl6ZLmXzLAjbMVRR47jGrhfGt8dUqOjZxZVVb2WZW+NmD5LQq2rxEjErj+EKXzqQZiJXAAyKMHuCy50s2xHyEj9cHdueyoLJh8CjuaMFiPGGsR1LIRgUcnB0VOLgc6ufUAuQFlc7TLBOmU6IBmSOj4AMHsI4Yrp62kS3fOMX6uFxcDmin3HwSQTlXbVkF8wcVpPpImtPFp+VnCyzPjrJwWC7CYTI1lc7kGCZhvSDX2Td+mEGkOi/lmCDTo6sGuazcGKSElCsYL7RJlt8XvcDXwiMuNg6oBkTiy5tFN4eJcCBAo1GndNVEucP2F6PWG/nU+K3u476BrP0kM78LvfBdcftU5V07hhkmegmLfNSA6bixmsLQOCTPCJbY2JS7qhl9JXO4iIBosW0H0RgMwYVrGRbgvQni88ikgUqxsn7j8w1kKnp5DtA1HhIWC1riWxiBQ+u91v0vCNYuzhr9fn0yy/ZDMWAoOR0I/HGkYGENpI7ukGZy3o5WdYQX6gvgPRa9GobJ5U0ekJSAVQJKpnukEUex4aTX3poJLeAfL/7hw7sMg0uCcCzuP20+DzberHabktpcB8UaPfJCVNm3x2WVEDw8yufAeGblLvvlAyqo3vrLpACQFwzU0UFy0hImaCytgaQ1l5aALK2LyBeKBDRYXU6Gg7T82oQDAa+AHOgJmSu5pGr0+K88VHCQ+W8sjgQdMucA3mLbq2y76g8pWoBX6hV0OGQat84rKHvjg28LE9k+btrgIpUFist7rZyvhJyA4E8IVb9QG5cG9JRNjcOt5dMs9jPYJWpn5W/AcSfpZc4qCiKetELhNcEf6143TLHkl1mjsTmMbTk90pLCM/zgws9BuF/zV3rUvJIEC2veAF0IkoBKanFQqREpBDRcFHIvv877QxiDp0Tp/UD1m9+bNXuquSk+3Sf6elpKpXalWEg+tE/crdTsHjJePWoHXNCxMckwOEZChB1AchQBYLAI34kjvAv0FnZlo2XntcXeUQFgqgl7XJhxeM5RS2NI3iYvvCa6ZOzDv8VvHkyiMjslEcYSFFAuKrUatc3t617d8nrNkjnEZ9z82nVai7sATcrz7eMLi8AgdYyLFGQRwryDu7y5iZI5snsUeytvbkHREJhz5KZlRtcPkWjO+ZnII9piZLPkrmL66fjVuDVWnhlHLAkix23+qyzsIbT5EetGAB3UJAn9Uui8cSIBtnB4OG+dXtj03ulcmlI/SqtPghY4v+O+jBPdjX/KZrOYnfLIemPzNohlnwyXvRpGUfyIDDm3Hj3I2j2iTNwRCiNgL3wrF5mOan/bOswzwkMl9hpz17ybawOjB5+g7tE2qZ5OprN5+5VzmXAWhoEBxEUs3iJyhhVUeisJ1Whw56dFu/Z2S3ci4yiaBjNZMBaln1RZ0A2VIrHzMC7gKooXHzIUxWFllJFcSu1JYSHY/P7Eq94Vn9xQKcAElt2qms9pspBJ0ljP+XEUrlaQkbkiEMZRUAVuVB61qIHaAZe0wLXEbSo0iiBmCOuNFoIpXJYbzTbnbpJx9/sSuPqlhA5RlZEEoMlXjgbeb1sJPqYufYgS6a51OG0KVUdhHbH/iROHCHvkZXpTggKdHhwFNviz0gwjVfDQk+nCC6SXDS/TiMHqWq8qTsIbgnrBV9X45Gy0WzT669uQxCB0IqpnSKiRShuGeI6R9/CPg51vcfyju34aM6KsBeF3kx9qYewETeWV7uiHSV1rIujN/wwo67RiRX3+8aouk1kDGPFD7mieFb8eiW4Ti8ZnU4ybJVkq1qAzTySgi9gQSVB08Cz9PYgxCxkESqY8qnC0Q46OIhQIAlSossK3oCFXAjXIc9SfQs2xfGGkXm9GaQaNNNhq5Hdc1eT5+x82jmPlgpDbkOovU4/awd02fsbdkmgiLZGsB3ZkxXm5WvWYawMWHBvlE9pC6g0OiEN4QAR0hcLrxg3+aC2SJgh6wQtxCEKWEgJlAshNhQgtGeEhKcHI4q4K0pgu6AU+xZ1B+Hj8B8pF+JE6idAIrFJpcIDVbCPdrilMah3M1s+Lh/g+IxjRUyKbQiqIRpHOBTijB0vGBShRn+6A1PtkAnRjYK0h0MeYJO5MFKqLSR5yCDohSHPKhNFiCSlNkFHBQIRWAQsUdvBy1Y8iwoRQA4Fj2xI3KXG372iDMDZvxLcwSQ4rAL9kQuBTqsaZW8Xo39lPw2/Xim0TA4X3ti3mO6VMZwGFRxpEDw16665v1kbSZ0N4pII6xNujs+Rb3F8cCZBrAEOdI9QLpSeNZ/MviO1etzjz1SXnlXYpat7EGeCV2SSKQIWkIhANu2nn2s2nGgGQRpCyIKXcGcQhFambxnXF8XZHbsSLCBx+RDEgYAEcyf9F+XiKDwROQRZnd4t3bLiRtMm/Rp2vLTQQo6HRssMxEYEESy4xfKd51dUJdUbhlpMMVqA9BY3Cxvc6GEkE4tkElOe608RoJaeh1u+jANY49tg1SCks2jQAPsWKnpoH8SprxyC9746K2FlG9KDp6ySZvgmbZjdJIxcyAzBLoljFo8RCcIuBy7wHVPjKq3V+/lvUnkhZgGbu++ejIhgHIi8KztcA1fHJhcrv0s3XFkC41dxl0FcOL8AEnG6THllvqzb9YfRZDoZvSRQiejkWCb1Wr13XHeOjYzA6d+levZy4tbFrUCCzE+elVRd3MxTCYNxPFzSW6UtFV1DpE5/Nkm3HpDkWl7VD27GGbqDPeubzc48XCCgl+q9mr97ep4S85QVZeRKBpMF12NKKvaxkA0h6dXmc9gazgGmk8yiq7qQwGwSdq67WBrfVAbpQUjR81PPrRXP0oDAr5DSEUH5QSB8ecQksYReBO4oiZ7HyzTl49nUTdjqRzFdntHHvryD6Nbe0OK0o2KDcHbnN9GurnY9jWup/vMB977P3iZvyl0NGt8Bn8UGlwxCWd1jEg56j83yyi1xGJ/Ht+l1OC7nz8V4Q/Jw1u984Vg3Cfdwm8sge448LT4NZhjI98CBZ5BvsxGQQRSTQBjgbSAGY0n/etdrJWwO61bgB3CAIBQ8KRmySXhfQvcxPevy+p4dDNkw2xzTeAVHS+AI6VUa3SCsU0ziXCC8gsRc1FoQkqpn9XpPoxmPZJVEZ6aDIdoEOs5FCF3aCq6u71/fY+lZX8GIxDk9xlji08mxKIcowyahDih0actYLK3BGGAm/UwYz9FU4MVFKGymyLO9Q6lYcSFqpGjS1ZBgQPz1ADorgxvPS2sgXFXE2wAOilissvTJy2Re3SZo9Px6HEJ/OJrJDDq+Ac3pMIQcS53EzKfu4c+R8GldT9zQexpGqRtXuF/H9kAqNEro5RDMNJHepcQuvrmIFomn55fRNF2pi8e3V+eMg5KYEnpJzhNNUkiUKJxU7+FZbi/19DR8iSZZA2ne06O1TQgcJCuI6apzsdwBkjDQcGB3PxuNRpPJdDFiTxkXT3mQ2hxQOtn9+ZxctrM1dOmbnvXzAf6lBnAQ0RXHomRCeZGQNMtGj1k6jOTyKcIVXJnzMBwLTNeci7QCESXweta7hiIeP1wnMOBWbeCQAYuO2rB0pcJei+VxL92z4vfBbe0iDcOUlsOnxCKtStpEHzKLIMxIXBxmo6CdyIvCzYBkOVCFW5Ey0VKhThNGAt+FUfgbPr5yqNeHmxqjYHOwPZggOk3yfiQwSpgNxc0neB3HsbDD+HVwd1O7ch7FQEohmYNwKCldn2vKPEH4apSDr74C1Tan39ne9MFHL/E/NYshIASJV8EctANSvllBJTzHLh0KfyOMXfRtTwSjkfm3CYcyClsjPBQQjC8+jqDw0mB0s/4wkpVKdJ+iZyTlZiYSBwUdqcoiiodwKn3vU8gmujJC3vCnoqwhoXQ7lvbBz41RDtudx2wcnQbejRKw9CDMDEbwIizOLD4mcFuum+gJFCnqhcEffz8PIzH88UJDkAKrh2UvGNi2HDbaQKEkWx2HjoRWGe7FUKxdmvVqOTB+ENV6U7gUuxXosQYOrH3nXZy6wE5G4vjSbjYsmlIgRpIYY4Lgo8e70+kCRYY5sN9ZCwfzhKMXQSE0Do7FE4bVxQrDukVg7ZD8fyxOTGZ9HIzkLMsoYIoXz8cPdbqdBCD9FrMD5pA4tvKduqaMXOxfigXIq+oIFpQ/toEE6mj9pcudPHCs+QWo24QCGIi52/nW5t3DgiIvNgSjtK0v1YWqz5utQAE3AINonmPdvj5ReEFn/CkIoW4Umm+HKJhX3USa/jEKpzdBcdpGET3Wdy/oFfawagOS40cwOk2f1CyioLhR9yr6pWxb8zHW/vWqR/yb/AFwbNS9wHlexmGpL2SUokESQeaUMv5ghjn24FabNspRUdljWGFrLeMUVcZKVFi74UwhbgQTOygJbpopZ/qGyaJxAtEC+hRZTnHZ1XZCMrTCmDBQsMrBHFsySq5g1G3Tx63M8kL02tVw/3A6uFwqAYNnFY8RrLZnFOtfeBQFkVuBWa4FRM+CJGGSb4f0+8cERTORvkCOw+3DQPw6AevXWgwjR8pq61bZAozTQ+b49qEcFc82igIw/m8oe7n82cZgFI4Vim83gh0cFzaBpXia2/8lGPCww9OiWZPgRwfkU79hlt393Omf0sUU80f7QPH7WPYOj/MERmV3wXnUr6NgvuSO84XvoTFnxfyJdai/DQXi2L5Fc2rRGA+EgsVw+LeCgGF2LBoH5yRfLFpA5hOARbCAkDvYtxg2DuI/eLaNtpi9FSUAAAAASUVORK5CYII=', 'base64')
    WHERE id IN ('98a35e61-0162-4986-9e9e-ee5c65f86316', '341f558a-781c-4eb5-bab7-c2f39216b9f2');

    -- BLV
    UPDATE data_request SET
    data_consumer_logo_type = 'image/png',
    data_consumer_logo = decode('/9j/4AAQSkZJRgABAQAAAQABAAD/2wBDAAMCAgMCAgMDAwMEAwMEBQgFBQQEBQoHBwYIDAoMDAsKCwsNDhIQDQ4RDgsLEBYQERMUFRUVDA8XGBYUGBIUFRT/2wBDAQMEBAUEBQkFBQkUDQsNFBQUFBQUFBQUFBQUFBQUFBQUFBQUFBQUFBQUFBQUFBQUFBQUFBQUFBQUFBQUFBQUFBT/wgARCADIAMgDASIAAhEBAxEB/8QAHAABAAICAwEAAAAAAAAAAAAAAAcIBQYCAwQB/8QAHAEBAAIDAQEBAAAAAAAAAAAAAAUGAwQHCAIB/9oADAMBAAIQAxAAAAG1IAADhgfnNsKPsPglZZQp5cW5OqCOT7nVCmR+sEtI+2DNG7C48s0cAAAB803Ua4xHRJ10TRUP0b1+Q1Z0Pz6AAAA9e36Ky6c6yPUP7vVW9v2HphsPHQzRwELV5sNXmq96CPt4AGy7Lt07zvLKtLStmDpprc4wdBdVDWmgALDTTC0023z2G7WgIarrZOtlW7sEdcwAJ4neCJ3tfAA36rAMHTjB1T9Aho2gACxUyxHLlu88BuV0CMavW0qXWu2jJxl5xi06So9WFpxqE763sk5ywNqEgGDrk67BdUqwtO1pqrC09Z9ab8A1LBaGTtE3u4+bg2YcDXaZXqo1Adb6s3hM3EdFuoLt5fAAAAAUmuzSaF6biTtgOt3H2Pp7rt5eD7wAKdXFrlFXyHc3hPRXez3nVTWLjNrFUxaxFMrSFRDLoESRdH261iqbFv2spNtuhR1x6dq1WYtSxWNFx83gAI8kPhj3KJs/gKX6YD5ygTxO8ETva+ABv1WAYOnGDqn6BDRtAC1dc7mzfMuYn+RgAAQ9XG9dQq/17URC9LAnid69TVaeD5thG7V4cg6ZYaq3eg0rMNu+9eYJh6+y4+bwzRwAADVdqfGejXltDWGp+g+A1J8AAAc/13271uTrJxMJWhAAAAAIrlRi3qLdNtqyVfuuEGlZgBm/rFirK5vebDx0JfnoAAAAAADwe9+fVdoevVg4jolLO2w0kadkhKevem+YBswgAAAAAAAAAAAAAAAAH//EACsQAAECBgADCQEBAQAAAAAAAAUCAwABBAYHIBYXMBARExQVMzQ1QBIlUP/aAAgBAQABBQL96lSRJ+4BtND19hmocySOTCsnMRPKEo5oRLKEoTk5iG8kjlQzfYZ2GLgG1MJVJcuh390ELvFjorcmzirvUvVw/VPVU+mxVPUs6S9S9JFFk2cD7vFkY7+/XJTqkDPx41dUsZpk74O4a3qw7HL4vHL4vHL4vBgBVgp74x+Fpk74O+L9Mn+9vjH4OmTZf52+L9Mn+9vjKX+dpklPeH3xfpk/3t8bJ7g+mREf1b2+L9Mn+9vjtH829pfDXiWz2DGE1JHl+Hjl+Hjl+Hjl+HgPb9GC0L27RHFcvw8cvw8cvw8cvw8V7SWK7ssdrwrZ0uJnxwfYE+46pX7Tst1nwAWjrcnmnETacgJ9x1Sv2kNom6403JlrW6KXydwQE+46pX7SLXpfOH9slUXhEoYfXTPcemY49Mxx6Zjj0zFinq03pfNwVoRzj0zHHpmOPTMcemYedU+7GNaLxSW19DfPgdsX6ZP97axRvkAOy0ScScGTEFNcX6ZP97UGMUXKITJtG+QwvmqLXF+mT/e1x4F8rR9BaEuouYGoET0xxW09HHrY+PWx8etj4yNWMVjulsg1HSaEJaR0bjBNnh9TTOUj/TpqZysftwE2BH9O8bVkZZWibauihE3FWdavozPVu2zkl5OtLYc3aaW+5aVnJES69x2pTH0FQ9UGqNRQeqM1FuWpTAEfhraFgiwcx49Tw40tlcNtLeWDx49URRULA5j8hILRF0ctKTzI0LRCEf8AE//EAD8RAAAEAgQJCgQEBwAAAAAAAAECAwQABQYQEVESICExQXGRsdEUFjIzNWGBobLhEyJS8EJigvEjJDBAQ1PB/9oACAEDAQE/Aa00VVhsTKI6oJJJkp0UDbLN8BRmbG/w+ZeMc15v/p8y8YNR2akzoD5QrLnqPWImDwHGkNGUZi3B0ucbB0B3d8NpDLWvQRDxy74KUChYXGXZtnPXJgbWEO6Iy5xlSASD3cBiYs+QOjthG3Brop2SnrHfiTqkr6Xv1GyIFwQszh3AN8c8plcXZ7xJnij9gm5V6Rrd4hiUk7WX1huCuiQ2yousd+JSjtdb9PpCqjPZKPj6hxKQjbNF9f8Ayuhh8KXGC4w7gg5wTKJx0RzyltxtgcY55S242wOMTp4nMH6jlLojZn1AFUmpMyYMU2yoGwi25g7xG+OeUtuNsDjEsnbabGMVuA/LfVOD4cxXH8w766Dq2pLpXCA7f2h11B9Q7seg/XL6ggRsywup8ZU6l4iNdDnHwpgKQ/jDzDLxhYgqJGIGkI5lzH6ibR4RzLmP1E2jwh8yUl7gzZXpFu1W1MaMPX7crlIxcE14jqujmXMfqJtHhFHJG5lCihlxD5rM37BE4ccll6yvd5jkDEZuTM3BHBfwjbCSpV0yqkzDlrpR2ut+n0hVRnslHx9Q100fYKZGRc45R1aPvuxaHzUFExYKjlLlLqu8PvNXSZBU82WMUgiGTR+UI5Kv9A7BijZRJKkSmCwcvqGpwum1SMsqNhSxMXp5i6O5Pp3aMVBdRsqVZIbDBEnmyU2b/ELkMGcLvbFzRSee8vPyVuP8MvmPAMdk9Xl6wLoDYIfdgxJ583mxbA+VTSXhfWoqREgqKDYARP6TC9tas8iekdI+2/8AolOYhgMQbBCJbTFZCxN6GGF4Z/fyh3TJkkT+XATm2bfaJlOHc0NaubJcGb+z/8QAMhEAAQMBBAgEBQUAAAAAAAAAAgEDBAAQERIgBRMVITEzUWEUIjJBIzRCUvAwQHGBsf/aAAgBAgEBPwG1SQeK0sllPqrxrH3V42P93+0kthfqpHmy4FmlTSZLAKUcp4+JVxzC4YelaCe8PHfTTmtBDtnc9ckaG260hlWzme9SG0adUByQ+QNs/nrkhfLj+e9k3nlkicgbdIp8b+qRL1urZz3atnPdqjNq00gFZIhOOuqY1s57tT0Y2LlKyOlzI/xbpNN4rQepM+k/SNgphFEt0iGJrF0oVuVFraLPRa2iz0WmnEdBDGxya20agVbRZ6LUySD6Ig1HDG6I5HA1gKK0SKK3LbC+XH897JvPK3RrV6q4uXSDFy61LYRCjA3rWMetTFvfK6wBUywpTTaNAgJlIUNMJVIYVgrvbNCi6pMZ8c7jYujhKpEU2F7WoiktyVFhavzucf0VS/ctPaPEt7e6m9HOEvn3UzHbY9P7P//EAEMQAAECAgMJDAcIAwEAAAAAAAECAwAEERIgBRMhMDE0UZPBEBQiMjNBYnJzg7HCI0BSU3GB4UNhY4KRotHxNVCj4v/aAAgBAQAGPwL1+lRAGkx6SdZH5qYwTCnOo2Y4LT6/kBHBkXD8ViMFzjrvpH+N/wC3/mMNzjrvpHCkXB8FiOE0+j5AxhmFN9dsx6OdZP5qIpSQRpGKIXMhxfsNcKCJSTo6bqtkZ1ek6GhRFLzq3T01U4yll1bR6CqIzq+p0OgGAJuTp6TStkAImQ2v2HeDalkpUQFOYaDlweqTKVKJCXMFJyYLMl2h8MQ7vUJN6orVlUZf6jiNayOI1rI4jWshoTQSL5TVqqpxE72g8LMl2h8MRdLu/NYuf1V7MRO9oPCzKH8XZiLpd35rFz+qvZiJs/i7LLB0PbMRdLu/NYuf1V7MQ+dL2yzT7LqcRdLu/NYuf1V7MRT7TqrM30aqv3Ddlml8RbgSY5JzWGOSc1hjknNYY5JzWGHd6JUm+UVqyqcn92GzNJUot01aqqI5JzWGOSc1hjknNYY5JzWGJhtHFQ4Uj9d2U6VZX7jZnkaWjuyXbJ8cdN9qrx3ZFGhoWVoORQohSDlSaNyS7ZPjjpvtVeO4lAyqNEIQMiRRanW+nWHzw7kl2yfHHTfaq8dySb6dY/LDbl5kDA8ig/EbiHWzQtBrAxnCdWmM4Tq0xnCdWmM4Tq0xO77cDl7qVaEgZabEoJRwNhwKrUpB0RnCdWmM4Tq0xnCdWmM4Tq0wtxeFazWO5MTJGBlFA+JtuKSKXGDfBtt3S7vzWLn9Vey22tQocfN8Oy2UqFKTgIh+VORJ4J0jmtXS7vzWLn9Vey0xKjIo8I6BzwEpFCRgAxCZ9sekYwL+9Nq6Xd+axc/qr2WlT7g9I/gR9ycSpChWSoUEGFtfYq4TStIs3Qv7yGa1SiuqinjRnrGsEZ6xrBGesawRI3h5D1AXTUVTRksoa+xTwnVaBCUJFVKRQAMUpk8F1OFtegwtl5JQ4g0FJxiGWU13FmgJEJZHCdVhcXpOM3xLiicQMnvBogpUKqhgIOKCUiso4ABG+ZgUzixqxoxypqUARODKOZz6wptxJQtOApPNiEttpK1qwBI54E1NgLnDkHM39fUK3IzQ4ro2xepluoeZXMr4Wr1LN1zzq5k/GK3LTRyunZ6kWZhoOtnmMKducb+37pXGH8wUOJKFjKlW4ENpK1nIlMJduibw37pPGP8AEBmWaDTY5h6rVmmEuaFZCPnFbfTt493Rh/WKsqwlvSrKT8/9L//EACoQAAEBBQgCAgMBAAAAAAAAAAERACExUfAgMEFhcaGxwRCRQIFQ0fHh/9oACAEBAAE/IfnnoqiRAy6vjACWzFSClF4DUWTVh9jHRbG7Xw1hdoyfuQ6aoyasUQpRcCyavnAiW7DprgRRckAJJQDEslrcBWzh7Y1EkVbP2y+CRsLvju2bbCcrzNtBODJ4BC/2sd2FRJk279strcBXsuPtgAKCosn0LAoImn8QexYFREkr0rkfiE5N/ON/ON/OMYviUkRefktFRVJ3spWWK8RXJ3FGeCyykOV5Fcncc5ThZVpxyO7yK5O4o044HVnM+w8gMyRqCjibM0002YUgt5OVgS+QURovFmaaYQaRAlJVwIDzmPcWRxqq/QXrzUZL6rz+XUor9he7MYJn9hnYph6jxUZL6rz+H4og6loQTH6CWnRoF6Ao58UGS+q8/h06hOg84t4ulqcCPCTxygqEQanump7pqe6anum0VkWLAZCwa2G8qFERm1PdNT3TU901PdMVpRKiKSVPjF0tTgDbdSFpw2P+ruK5O3fQFpw2P+7YLgpIxDC8L+bFeXq6iuTtVnX8WC8vTBmCgDAXB1rAiIlMfo8m6iuTtTp2B7EJj9ngXIyZSBEFkskvx6dRCzlhmOHkVqE7ahO2oTtj2CdhEjSylkh2PTqYMMGEgAAukG3rVoYNI+uw3hLs+wsk25etBC8TXyZmM5MS6SgIQbol0lAUksNJwaOQznfCoEsPVlmY7EkVCVwciSKpJhGQWPoTzfAIXQkCjkGIYgPwJ4plaAD8ScKZMAuhINDIMB8KPe8e4kx4jGWTSLDPZQBCPBnsoApLHyMZZdYsg3P5zM/FXRQE2ED248NP0y4KQm4if+F//9oADAMBAAIAAwAAABDzzzznfTbzXzzzz01//wD/AP8A8zj7zxb/AP8A9PXv/wD9fzz/AP8A/wBfz/8A/wD/ALzxTz75/wA+++/X88S8888888o5+88K8yy185ynp888t2//AF/P/wD/AE88884//f8A9/8Ar3zzzz93/wD/AP8Ax3zzzzzxlv8A/wC/vPPPPPPPPVcTPPPPPPPPPPPPPPPPPPP/xAApEQEAAQIEBgMAAgMAAAAAAAABEQAhEDFBUSBhcYGhwZGx8DBA0eHx/9oACAEDAQE/EMZw3kX6Kv8A3S9FZc+5fdUCa28dgr6WhZJ3SPmIpEYeEV5kCBui6nPYDrQZPTUT+0dooMQBoWOIWOlD5SaCeYSTvJ8CUl/aJiJsOUsZ74/o7+DLAFIt2Sw1XSv+qoWpmIILEgl0N+OFGdh+3viz8fgs+6PgGPIVfK+6yjQr0CcbNk40soQ2ZILqOuC+lxAl7RRo7YWT2UCwDPaF2wi/b+Eesbg+iJ6V+du4/wAHdoArIp1f8wribCyh2B4KZwqB3ExZs27GCZKXAhQck0zwHckiA2W4GZm+DNp8AJLkredyjm4Rh+DNODPdDqBudyTvTQyYHcSThz8fGm9u9pIO7Lws5pSa5nqVzk7YnhDOJOrFfnPVPQAtSHBhKBV5HtyDVtVmFdjYWHY+WXXhmRER5nrRNSzRqCEb7c5sx7ZjwqCWgu5rppfg3b7cfjPpNQ1H/ZCDQVoC436rR5NTJcCxmlVgDmtDMUtkck1PLVBI/wADJLgRhHcTKioN2g9Sx5N1oKuDJEnU3+Cc6yMuVo9tXmq8/wCn/8QAKREBAAACCQQCAwEAAAAAAAAAAQARECAhMUFRYbHRcZGh4fDxMIHBQP/aAAgBAgEBPxCkqZHWLxPee0I+jxHyHCLkPmLqn9kX1UJpmLrpF4n6s2hVTa1+Z0Ys1g15IlISnT45sVF0Zs7nVMo1O71F1ISv6DU8N3aTLoG1TebqNlsVDLo/2mUHMbsMQxjU7niNTueIvdCd3VaG0JMr3QMo1O54g9JblRKOjamTnxO33Hnm9fyX+QE7I0xApkIxeGziAcwSPqDmPqDmLnBz6yoPBmZBlPOPqDmBdbJ3/bHWzwWtQMREoV3xZTvN1Gy2KZCrCw64/NarGNjY9c/38vpEgG3HVjT9yCUplmxQOGaxhsb41XoTGJ/2q5z91b4sCt+Dl+Y13xzPlpExNuF5ypMHNYKW2wmXvb8IFCYw6vNlh68xaQDv29wBI25t/wDj/8QAKRABAAECAwcFAQEBAAAAAAAAAREhMQBBUSAwQGFxkaEQgbHB8PHRUP/aAAgBAQABPxDj6qBgg6riP0Ee1EnAhXcSdwecMpp7Ud8W3ln1uA7QJyz4foTmgTlvycQfPfvRhMNeaDtiOS8gncXnD5oIdqIOKrBAk6JuSLAlSAMP0p50+i+QMMhVpA+2R34Qnap89picoLMz8neGQVmZ+RhDKa6+8xMhVpR22ezD9CeVPoeCWCYkJEZE2WaXgANAFks14OcNQ6IEKgbJJps/p6dxyB7Y5Kb4P2/1j9v9Y/b/AFg/JEExiUWt3H7evZ/T08IeT9PXspRYO+7/AM4Q4i02DmtD/uy/92nwhxNPPFPZ/q98IDifwe9kUuTFd34X1n3p6JRBLUdlBBBB7wPoc22BxaFCDUovZsoIIZS/GQAwXOgetZkTXZ+A2b/ARzgeeEMpk9SJDrI87LxnzoPzga4M6Ij5OCZTBhgTqgHlx4z7wHxtPavUZTxcF5THnMdRMG+LbpACCmcFfzj0IwTQFCoaNSzs9evXqx5EYuKZztNgXslJCXUXW2evXr1L+BICiQUKrb0SQANM5KfnO2sG4Aqmj3vBBxFgkAlR0e02wCQQyMQjyRxy/Rg6jOoHmPAHENwaMHUZUIc0wYoYYCIA5AbiiLaaAj3U9NDgDiUzZRqCfZT01NyYKDJGhE0RwJZ9WpG51WXQc9n7FysAmJJ6mxy5cjXnOZMFRiYe2y4Y9SoMjqkOq5YMlB0DQAaAbpxJgqeU8gke9wwyEolS+TMcx3hAa3RvgzXIJwhMQRHKOQwOrdd4qjfhAHMWAEy9nKEpVTBMIjZHdBSikSYAC6uB0Lk4C5gwsiXsZzvHGWVgQAAlgApms6iStoxLiNtwOraNSwBfFe5QgUREMINcljV371ucMSxktQNzLRT9VekA0S1LmYbQfqj1AGgXpdyHGWVaYt3TehbuehwPJdQTqFVzEcVupYA6MgOVHricwrL9EanpO4Vl+gFXFKqSAOhKC1KvTFtRBu5o1TVV4S+M8qB6oA6THLHvEzvSq3fzxntQPVBXSY5f8X//2Q==', 'base64')
    WHERE id IN ('218bca06-e792-4855-bcd9-e3559cea3d18', 'dc7dbc72-084c-451f-aaf9-7db7561d157d');

    -- ===============================================
    -- consent_request
    -- ===============================================
    INSERT INTO consent_request (id, archived, created_at, modified_at, data_producer_uid, data_producer_bur, state_code, data_request_id, request_date, last_state_change_date, uid_bur_relation_since, uid_bur_relation_until) VALUES
    -- Data Request: 3da3a459-d3c2-48af-b8d0-02bc95146468
    ('07813a3a-7b8d-4b68-847b-f34ce7037397'::uuid, false, NOW(), NOW(), 'CHE101000001', null, 'DECLINED', '3da3a459-d3c2-48af-b8d0-02bc95146468'::uuid, '2025-03-14 10:12:33'::timestamp, '2025-03-20 14:25:00'::timestamp, NULL::timestamp, NULL::timestamp),
    ('1d2025b5-424b-489d-a3c1-30464661f723'::uuid, false, NOW(), NOW(), 'CHE101000001', '99910003', 'DECLINED', '3da3a459-d3c2-48af-b8d0-02bc95146468'::uuid, '2025-03-14 10:12:33'::timestamp, '2025-03-20 14:25:00'::timestamp, '2004-05-08 14:25:00'::timestamp, NULL::timestamp),
    ('94e4f8e3-70b1-43ae-bdfa-78b27f86958e'::uuid, false, NOW(), NOW(), 'CHE102000001', null, 'OPENED', '3da3a459-d3c2-48af-b8d0-02bc95146468'::uuid, '2025-02-11 16:48:20'::timestamp, NULL::timestamp, NULL::timestamp, NULL::timestamp),
    ('f789e5ca-3b26-4ced-bcce-77df72ac06ac'::uuid, false, NOW(), NOW(), 'CHE102000002', null, 'GRANTED', '3da3a459-d3c2-48af-b8d0-02bc95146468'::uuid, '2025-07-02 08:00:00'::timestamp, NULL::timestamp, NULL::timestamp, NULL::timestamp),

    -- Data Request: 81ae8571-9497-413a-99c5-237e72621ca7
    ('2643cbd7-8077-4378-8c47-27d2b31dd554'::uuid, false, NOW(), NOW(), 'CHE102000001', null, 'DECLINED', '81ae8571-9497-413a-99c5-237e72621ca7'::uuid, '2025-01-25 13:20:15'::timestamp, '2025-01-30 09:35:00'::timestamp, NULL::timestamp, NULL::timestamp),
    ('1272346f-7983-4845-b038-329116d67e08'::uuid, false, NOW(), NOW(), 'CHE102000002', null, 'OPENED', '81ae8571-9497-413a-99c5-237e72621ca7'::uuid, '2025-02-18 11:44:59'::timestamp, NULL::timestamp, NULL::timestamp, NULL::timestamp),
    ('235aed61-7da2-41ac-94c4-bcca91328ad6'::uuid, false, NOW(), NOW(), 'CHE103000001', null, 'GRANTED', '81ae8571-9497-413a-99c5-237e72621ca7'::uuid, '2025-03-22 08:20:00'::timestamp, '2025-03-25 10:15:00'::timestamp, NULL::timestamp, NULL::timestamp),
    ('584c3587-517b-49ef-aaec-cb6e0179f78c'::uuid, false, NOW(), NOW(), 'CHE103000002', null, 'OPENED', '81ae8571-9497-413a-99c5-237e72621ca7'::uuid, '2025-06-20 09:15:00'::timestamp, NULL::timestamp, NULL::timestamp, NULL::timestamp),

    -- Data Request: 98a35e61-0162-4986-9e9e-ee5c65f86316
    ('ef35df35-2051-416a-98ad-47ab35c8a77c'::uuid, false, NOW(), NOW(), 'CHE101000001', null, 'OPENED', '98a35e61-0162-4986-9e9e-ee5c65f86316'::uuid, '2025-06-25 11:20:00'::timestamp, NULL::timestamp, NULL::timestamp, NULL::timestamp),
    ('2f8ec662-9fce-417e-9b82-3ed042adb482'::uuid, false, NOW(), NOW(), 'CHE102000002', null, 'GRANTED', '98a35e61-0162-4986-9e9e-ee5c65f86316'::uuid, '2025-04-10 09:00:00'::timestamp, '2025-04-13 11:30:00'::timestamp, NULL::timestamp, NULL::timestamp),
    ('5e439777-8564-4954-9d01-7ebeabf4fc39'::uuid, false, NOW(), NOW(), 'CHE103000001', null, 'DECLINED', '98a35e61-0162-4986-9e9e-ee5c65f86316'::uuid, '2025-01-30 10:10:10'::timestamp, '2025-02-02 11:11:11'::timestamp, NULL::timestamp, NULL::timestamp),
    ('adbc6d5a-331d-4dd9-b80c-ee1945716293'::uuid, false, NOW(), NOW(), 'CHE103000002', null, 'DECLINED', '98a35e61-0162-4986-9e9e-ee5c65f86316'::uuid, '2025-04-25 12:12:12'::timestamp, '2025-04-30 17:00:00'::timestamp, NULL::timestamp, NULL::timestamp),

    -- Data Request: 341f558a-781c-4eb5-bab7-c2f39216b9f2
    ('5542ff84-ab93-417a-925a-9c7711a20fff'::uuid, false, NOW(), NOW(), 'CHE101000001', null, 'GRANTED', '341f558a-781c-4eb5-bab7-c2f39216b9f2'::uuid, '2025-04-18 14:30:00'::timestamp, '2025-04-21 10:00:00'::timestamp, NULL::timestamp, NULL::timestamp),
    ('68c0e430-00b8-44ca-a2f7-be6197ff64a9'::uuid, false, NOW(), NOW(), 'CHE102000001', null, 'GRANTED', '341f558a-781c-4eb5-bab7-c2f39216b9f2'::uuid, '2025-02-23 16:00:00'::timestamp, '2025-02-25 10:00:00'::timestamp, NULL::timestamp, NULL::timestamp),
    ('fea87d49-857a-45e4-8274-fec6885697c4'::uuid, false, NOW(), NOW(), 'CHE102000002', null, 'DECLINED', '341f558a-781c-4eb5-bab7-c2f39216b9f2'::uuid, '2025-06-14 12:30:00'::timestamp, '2025-06-20 14:30:00'::timestamp, NULL::timestamp, NULL::timestamp),
    ('0dd93ea9-5a14-40a4-a36e-eafb2585ece3'::uuid, false, NOW(), NOW(), 'CHE103000001', null, 'OPENED', '341f558a-781c-4eb5-bab7-c2f39216b9f2'::uuid, '2025-06-28 14:00:00'::timestamp, NULL::timestamp, NULL::timestamp, NULL::timestamp),
    ('629322ea-19ea-42a2-8bb9-1d1d2e47dda0'::uuid, false, NOW(), NOW(), 'CHE103000002', null, 'GRANTED', '341f558a-781c-4eb5-bab7-c2f39216b9f2'::uuid, '2025-05-15 10:30:00'::timestamp, '2025-05-18 14:20:00'::timestamp, NULL::timestamp, NULL::timestamp),

    -- Data Request: 218bca06-e792-4855-bcd9-e3559cea3d18
    ('1f954fad-f355-46b6-973a-e98813206e7c'::uuid, false, NOW(), NOW(), 'CHE101000001', null, 'GRANTED', '218bca06-e792-4855-bcd9-e3559cea3d18'::uuid, '2026-02-18 12:12:12'::timestamp, '2026-02-18 12:42:00'::timestamp, NULL::timestamp, NULL::timestamp),
    ('cf212412-b1e5-4e9c-a963-b50e26b00632'::uuid, false, NOW(), NOW(), 'CHE101000001', '99910002', 'GRANTED', '218bca06-e792-4855-bcd9-e3559cea3d18'::uuid, '2026-02-18 12:12:12'::timestamp, '2026-02-18 12:42:00'::timestamp, '2000-01-01 00:00:00'::timestamp, NULL::timestamp),
    ('3d30f8b7-6be3-487f-ba13-4ad52ca1ef05'::uuid, false, NOW(), NOW(), 'CHE101000001', '99910003', 'GRANTED', '218bca06-e792-4855-bcd9-e3559cea3d18'::uuid, '2026-02-18 12:12:12'::timestamp, '2026-02-18 12:42:00'::timestamp, '2000-01-01 00:00:00'::timestamp, NULL::timestamp),
    ('fc19eb4e-b576-4900-8df7-c510f59fc526'::uuid, false, NOW(), NOW(), 'CHE103000001', null, 'GRANTED', '218bca06-e792-4855-bcd9-e3559cea3d18'::uuid, '2026-02-18 12:12:12'::timestamp, '2026-02-18 12:42:00'::timestamp, NULL::timestamp, NULL::timestamp),
    ('7d7f5e00-785a-4bbe-9904-28256fc516ca'::uuid, false, NOW(), NOW(), 'CHE103000001', '99930004', 'GRANTED', '218bca06-e792-4855-bcd9-e3559cea3d18'::uuid, '2026-02-18 12:12:12'::timestamp, '2026-02-18 12:42:00'::timestamp, '2000-01-01 00:00:00'::timestamp, NULL::timestamp),
    ('13c7d008-ae5b-4774-aea7-8b6d90208d5f'::uuid, false, NOW(), NOW(), 'ZZZ100000006', null, 'GRANTED', '218bca06-e792-4855-bcd9-e3559cea3d18'::uuid, '2026-02-18 12:12:12'::timestamp, '2026-02-25 15:00:00'::timestamp, NULL::timestamp, NULL::timestamp),
    ('66ae53a3-a685-4c1f-afa7-792b4e8d1513'::uuid, false, NOW(), NOW(), 'ZZZ100000006', 'Z10000205', 'GRANTED', '218bca06-e792-4855-bcd9-e3559cea3d18'::uuid, '2026-02-18 12:12:12'::timestamp, '2026-02-25 15:00:00'::timestamp, '2000-01-01 00:00:00'::timestamp, NULL::timestamp),
    ('cc57ec61-a62c-4161-814c-0433a2df27b5'::uuid, false, NOW(), NOW(), 'ZZZ100000006', 'Z10000210', 'GRANTED', '218bca06-e792-4855-bcd9-e3559cea3d18'::uuid, '2026-02-18 12:12:12'::timestamp, '2026-02-25 15:00:00'::timestamp, '2000-01-01 00:00:00'::timestamp, NULL::timestamp),
    ('bbe8fb16-fded-488b-8365-fd7f516565a1'::uuid, false, NOW(), NOW(), 'ZZZ100000012', null, 'GRANTED', '218bca06-e792-4855-bcd9-e3559cea3d18'::uuid, '2026-02-18 12:12:12'::timestamp, '2026-02-25 15:00:00'::timestamp, NULL::timestamp, NULL::timestamp),
    ('779e7cb1-1c09-4949-9425-99b7dc9dcdad'::uuid, false, NOW(), NOW(), 'ZZZ100000012', 'Z10000226', 'GRANTED', '218bca06-e792-4855-bcd9-e3559cea3d18'::uuid, '2026-02-18 12:12:12'::timestamp, '2026-02-25 15:00:00'::timestamp, '2000-01-01 00:00:00'::timestamp, NULL::timestamp),
    ('9f89e530-b142-4666-a38b-1f6591c0cc3b'::uuid, false, NOW(), NOW(), 'ZZZ100000012', 'Z10000231', 'GRANTED', '218bca06-e792-4855-bcd9-e3559cea3d18'::uuid, '2026-02-18 12:12:12'::timestamp, '2026-02-25 15:00:00'::timestamp, '2000-01-01 00:00:00'::timestamp, NULL::timestamp),
    ('c3608ec4-ee08-450d-8073-68929dc1b432'::uuid, false, NOW(), NOW(), 'ZZZ100000029', null, 'GRANTED', '218bca06-e792-4855-bcd9-e3559cea3d18'::uuid, '2026-02-18 12:12:12'::timestamp, '2026-02-25 15:00:00'::timestamp, NULL::timestamp, NULL::timestamp),
    ('2cc794bc-ba4d-44bb-bdc2-9a25c85ddc86'::uuid, false, NOW(), NOW(), 'ZZZ100000029', 'Z10000247', 'GRANTED', '218bca06-e792-4855-bcd9-e3559cea3d18'::uuid, '2026-02-18 12:12:12'::timestamp, '2026-02-25 15:00:00'::timestamp, '2000-01-01 00:00:00'::timestamp, NULL::timestamp),
    ('40281501-f841-469f-ae79-a9d8167b5665'::uuid, false, NOW(), NOW(), 'ZZZ100000029', 'Z10000252', 'GRANTED', '218bca06-e792-4855-bcd9-e3559cea3d18'::uuid, '2026-02-18 12:12:12'::timestamp, '2026-02-25 15:00:00'::timestamp, '2000-01-01 00:00:00'::timestamp, NULL::timestamp),
    ('3160f4e7-3543-4096-b910-ba6c47605232'::uuid, false, NOW(), NOW(), 'ZZZ100000035', null, 'GRANTED', '218bca06-e792-4855-bcd9-e3559cea3d18'::uuid, '2026-02-18 12:12:12'::timestamp, '2026-02-25 15:00:00'::timestamp, NULL::timestamp, NULL::timestamp),
    ('ae467429-2abe-4b57-9eb7-c51f4c7908c1'::uuid, false, NOW(), NOW(), 'ZZZ100000035', 'ZZZ100000035', 'GRANTED', '218bca06-e792-4855-bcd9-e3559cea3d18'::uuid, '2026-02-18 12:12:12'::timestamp, '2026-02-25 15:00:00'::timestamp, '2000-01-01 00:00:00'::timestamp, NULL::timestamp),
    ('58924fa3-69e6-45d1-a2c1-38e042134f03'::uuid, false, NOW(), NOW(), 'ZZZ100000041', null, 'GRANTED', '218bca06-e792-4855-bcd9-e3559cea3d18'::uuid, '2026-02-18 12:12:12'::timestamp, '2026-02-25 15:00:00'::timestamp, NULL::timestamp, NULL::timestamp),
    ('fa87e253-1a87-434d-9242-11eee5b6e440'::uuid, false, NOW(), NOW(), 'ZZZ100000041', 'Z10000273', 'GRANTED', '218bca06-e792-4855-bcd9-e3559cea3d18'::uuid, '2026-02-18 12:12:12'::timestamp, '2026-02-25 15:00:00'::timestamp, '2000-01-01 00:00:00'::timestamp, NULL::timestamp),
    ('09b1c842-8c73-48d3-ba9c-8726ff274d3c'::uuid, false, NOW(), NOW(), 'ZZZ100000058', null, 'GRANTED', '218bca06-e792-4855-bcd9-e3559cea3d18'::uuid, '2026-02-18 12:12:12'::timestamp, '2026-02-25 15:00:00'::timestamp, NULL::timestamp, NULL::timestamp),
    ('733555fd-c8c0-4fb6-9174-ab0af33c18d1'::uuid, false, NOW(), NOW(), 'ZZZ100000058', 'Z10000289', 'GRANTED', '218bca06-e792-4855-bcd9-e3559cea3d18'::uuid, '2026-02-18 12:12:12'::timestamp, '2026-02-25 15:00:00'::timestamp, '2000-01-01 00:00:00'::timestamp, NULL::timestamp),
    ('4c056498-d374-4e35-9f71-c1a6591b51bd'::uuid, false, NOW(), NOW(), 'ZZZ100000058', 'Z10000294', 'GRANTED', '218bca06-e792-4855-bcd9-e3559cea3d18'::uuid, '2026-02-18 12:12:12'::timestamp, '2026-02-25 15:00:00'::timestamp, '2000-01-01 00:00:00'::timestamp, NULL::timestamp),
    ('02cfb70e-a287-4856-8be4-e6274caf5975'::uuid, false, NOW(), NOW(), 'ZZZ100000087', null, 'GRANTED', '218bca06-e792-4855-bcd9-e3559cea3d18'::uuid, '2026-02-18 12:12:12'::timestamp, '2026-02-25 15:00:00'::timestamp, NULL::timestamp, NULL::timestamp),
    ('b4441b32-dfe9-4687-8f50-3cc3d6c5ad01'::uuid, false, NOW(), NOW(), 'ZZZ100000087', 'Z10000315', 'GRANTED', '218bca06-e792-4855-bcd9-e3559cea3d18'::uuid, '2026-02-18 12:12:12'::timestamp, '2026-02-25 15:00:00'::timestamp, '2000-01-01 00:00:00'::timestamp, NULL::timestamp),

    -- Data Request: dc7dbc72-084c-451f-aaf9-7db7561d157d
    ('d937a706-6946-4dde-83a9-e8160ee5dcaf'::uuid, false, NOW(), NOW(), 'CHE101000001', null, 'GRANTED', 'dc7dbc72-084c-451f-aaf9-7db7561d157d'::uuid, '2026-02-25 14:30:00'::timestamp, '2026-02-25 15:00:00'::timestamp, NULL::timestamp, NULL::timestamp),
    ('42a3e19e-f7aa-4676-a93f-0edd5c9f0636'::uuid, false, NOW(), NOW(), 'CHE101000001', '99910002', 'GRANTED', 'dc7dbc72-084c-451f-aaf9-7db7561d157d'::uuid, '2026-02-25 14:30:00'::timestamp, '2026-02-25 15:00:00'::timestamp, '2021-05-08 08:25:00'::timestamp, NULL::timestamp),
    ('f177b62b-6a68-4d00-9e80-369b5aea5aa5'::uuid, false, NOW(), NOW(), 'CHE101000001', '99910003', 'GRANTED', 'dc7dbc72-084c-451f-aaf9-7db7561d157d'::uuid, '2026-02-25 14:30:00'::timestamp, '2026-02-25 15:00:00'::timestamp, '2021-05-08 08:25:00'::timestamp, NULL::timestamp),
    ('ad96d0f0-ed86-41fc-aa8a-8eaa563e4bbf'::uuid, false, NOW(), NOW(), 'CHE103000001', null, 'GRANTED', 'dc7dbc72-084c-451f-aaf9-7db7561d157d'::uuid, '2026-02-25 14:30:00'::timestamp, '2026-02-25 15:00:00'::timestamp, NULL::timestamp, NULL::timestamp),
    ('b4fde21a-f9ba-4849-b100-3b1e5b58b79d'::uuid, false, NOW(), NOW(), 'CHE103000001', '99930004', 'GRANTED', 'dc7dbc72-084c-451f-aaf9-7db7561d157d'::uuid, '2026-02-25 14:30:00'::timestamp, '2026-02-25 15:00:00'::timestamp, '2021-05-08 08:25:00'::timestamp, NULL::timestamp),
    ('961a5264-caf3-4103-9170-89242f906d20'::uuid, false, NOW(), NOW(), 'ZZZ100000006', null, 'GRANTED', 'dc7dbc72-084c-451f-aaf9-7db7561d157d'::uuid, '2026-02-25 14:30:00'::timestamp, '2026-02-25 15:00:00'::timestamp, NULL::timestamp, NULL::timestamp),
    ('6b5e07b3-0db9-404e-a312-1643b7ddba47'::uuid, false, NOW(), NOW(), 'ZZZ100000006', 'Z10000205', 'GRANTED', 'dc7dbc72-084c-451f-aaf9-7db7561d157d'::uuid, '2026-02-25 14:30:00'::timestamp, '2026-02-25 15:00:00'::timestamp, '2000-01-01 00:00:00'::timestamp, NULL::timestamp),
    ('a6314bd1-c8f1-46ec-b2f8-0ea1544c9193'::uuid, false, NOW(), NOW(), 'ZZZ100000006', 'Z10000210', 'GRANTED', 'dc7dbc72-084c-451f-aaf9-7db7561d157d'::uuid, '2026-02-25 14:30:00'::timestamp, '2026-02-25 15:00:00'::timestamp, '2000-01-01 00:00:00'::timestamp, NULL::timestamp),
    ('2d1e400d-765b-410f-b81c-855e2fd89529'::uuid, false, NOW(), NOW(), 'ZZZ100000012', null, 'GRANTED', 'dc7dbc72-084c-451f-aaf9-7db7561d157d'::uuid, '2026-02-25 14:30:00'::timestamp, '2026-02-25 15:00:00'::timestamp, NULL::timestamp, NULL::timestamp),
    ('839c210d-3a20-4d93-9787-738310c11fd8'::uuid, false, NOW(), NOW(), 'ZZZ100000012', 'Z10000226', 'GRANTED', 'dc7dbc72-084c-451f-aaf9-7db7561d157d'::uuid, '2026-02-25 14:30:00'::timestamp, '2026-02-25 15:00:00'::timestamp, '2000-01-01 00:00:00'::timestamp, NULL::timestamp),
    ('223aca05-f00a-4526-8471-912f16c09ebc'::uuid, false, NOW(), NOW(), 'ZZZ100000012', 'Z10000231', 'GRANTED', 'dc7dbc72-084c-451f-aaf9-7db7561d157d'::uuid, '2026-02-25 14:30:00'::timestamp, '2026-02-25 15:00:00'::timestamp, '2000-01-01 00:00:00'::timestamp, NULL::timestamp),
    ('de6e05b6-b6e3-4282-bbca-426e77b5a7ad'::uuid, false, NOW(), NOW(), 'ZZZ100000029', null, 'GRANTED', 'dc7dbc72-084c-451f-aaf9-7db7561d157d'::uuid, '2026-02-25 14:30:00'::timestamp, '2026-02-25 15:00:00'::timestamp, NULL::timestamp, NULL::timestamp),
    ('c9f18c93-31cf-4a8f-ac6d-d694996cf344'::uuid, false, NOW(), NOW(), 'ZZZ100000029', 'Z10000247', 'GRANTED', 'dc7dbc72-084c-451f-aaf9-7db7561d157d'::uuid, '2026-02-25 14:30:00'::timestamp, '2026-02-25 15:00:00'::timestamp, '2000-01-01 00:00:00'::timestamp, NULL::timestamp),
    ('fd96a6d8-c6f2-481c-94dd-da2771196b40'::uuid, false, NOW(), NOW(), 'ZZZ100000029', 'Z10000252', 'GRANTED', 'dc7dbc72-084c-451f-aaf9-7db7561d157d'::uuid, '2026-02-25 14:30:00'::timestamp, '2026-02-25 15:00:00'::timestamp, '2000-01-01 00:00:00'::timestamp, NULL::timestamp),
    ('b4e84ca1-d4f1-42ac-86ee-daf340fa8d3b'::uuid, false, NOW(), NOW(), 'ZZZ100000035', null, 'GRANTED', 'dc7dbc72-084c-451f-aaf9-7db7561d157d'::uuid, '2026-02-25 14:30:00'::timestamp, '2026-02-25 15:00:00'::timestamp, NULL::timestamp, NULL::timestamp),
    ('846ce7ca-f737-43cd-92b5-12e815fcc07a'::uuid, false, NOW(), NOW(), 'ZZZ100000035', 'ZZZ100000035', 'GRANTED', 'dc7dbc72-084c-451f-aaf9-7db7561d157d'::uuid, '2026-02-25 14:30:00'::timestamp, '2026-02-25 15:00:00'::timestamp, '2000-01-01 00:00:00'::timestamp, NULL::timestamp),
    ('f6ee9957-a3dd-4813-be30-d939b43d32af'::uuid, false, NOW(), NOW(), 'ZZZ100000041', null, 'GRANTED', 'dc7dbc72-084c-451f-aaf9-7db7561d157d'::uuid, '2026-02-25 14:30:00'::timestamp, '2026-02-25 15:00:00'::timestamp, NULL::timestamp, NULL::timestamp),
    ('4ab573cc-7564-43df-b113-a7bc3c9cd5be'::uuid, false, NOW(), NOW(), 'ZZZ100000041', 'Z10000273', 'GRANTED', 'dc7dbc72-084c-451f-aaf9-7db7561d157d'::uuid, '2026-02-25 14:30:00'::timestamp, '2026-02-25 15:00:00'::timestamp, '2000-01-01 00:00:00'::timestamp, NULL::timestamp),
    ('3b4c2159-7ef9-416c-abee-f4b93741c305'::uuid, false, NOW(), NOW(), 'ZZZ100000058', null, 'GRANTED', 'dc7dbc72-084c-451f-aaf9-7db7561d157d'::uuid, '2026-02-25 14:30:00'::timestamp, '2026-02-25 15:00:00'::timestamp, NULL::timestamp, NULL::timestamp),
    ('d1bd8b4d-b41d-4d77-a08a-b807ed38ede4'::uuid, false, NOW(), NOW(), 'ZZZ100000058', 'Z10000289', 'GRANTED', 'dc7dbc72-084c-451f-aaf9-7db7561d157d'::uuid, '2026-02-25 14:30:00'::timestamp, '2026-02-25 15:00:00'::timestamp, '2000-01-01 00:00:00'::timestamp, NULL::timestamp),
    ('520107ea-3071-4cbd-aa3c-357acaa60868'::uuid, false, NOW(), NOW(), 'ZZZ100000058', 'Z10000294', 'GRANTED', 'dc7dbc72-084c-451f-aaf9-7db7561d157d'::uuid, '2026-02-25 14:30:00'::timestamp, '2026-02-25 15:00:00'::timestamp, '2000-01-01 00:00:00'::timestamp, NULL::timestamp),
    ('4b176d42-7017-4f3b-a29e-d478eefb9d0f'::uuid, false, NOW(), NOW(), 'ZZZ100000087', null, 'GRANTED', 'dc7dbc72-084c-451f-aaf9-7db7561d157d'::uuid, '2026-02-25 14:30:00'::timestamp, '2026-02-25 15:00:00'::timestamp, NULL::timestamp, NULL::timestamp),
    ('01c69c9a-54e2-4966-9654-ef2955011941'::uuid, false, NOW(), NOW(), 'ZZZ100000087', 'Z10000315', 'GRANTED', 'dc7dbc72-084c-451f-aaf9-7db7561d157d'::uuid, '2026-02-25 14:30:00'::timestamp, '2026-02-25 15:00:00'::timestamp, '2000-01-01 00:00:00'::timestamp, NULL::timestamp);

    -- ===============================================
    -- set migrated_from_maf for BioSuisse consent-requests
    -- ===============================================

    UPDATE consent_request cr
    SET migrated_from_maf_date = '2025-09-01 00:00:00'::timestamp
    FROM data_request dr
    WHERE cr.data_request_id = dr.id
      AND dr.id IN ('3da3a459-d3c2-48af-b8d0-02bc95146468','81ae8571-9497-413a-99c5-237e72621ca7');

    -- ===============================================
    -- data_request_data_product
    -- ===============================================
    INSERT INTO data_request_data_product (id, archived, created_at, modified_at, data_request_id, data_product_id) VALUES
    -- Data Request: 3da3a459-d3c2-48af-b8d0-02bc95146468
    ('1973371f-cbd8-4243-94d9-7cb99a4a721e', false,  NOW(),  NOW(), '3da3a459-d3c2-48af-b8d0-02bc95146468', 'c661ea48-106d-4d7a-a5d1-a9a6db48dd8c'),
    ('23eafc82-21e9-4603-a318-8f99014c7041', false,  NOW(),  NOW(), '3da3a459-d3c2-48af-b8d0-02bc95146468', '147e8c40-78cc-4db3-a909-65504aa62a64'),
    ('77D58DD4-C7E1-4D45-ABC7-054B54C47E55', false, NOW(), NOW(), '3da3a459-d3c2-48af-b8d0-02bc95146468', '7911d98d-59eb-4cf4-be61-bfe77fe9117e'),
    ('d268ef68-1952-4c09-8380-adfdf0c6f9df', false,  NOW(),  NOW(), '3da3a459-d3c2-48af-b8d0-02bc95146468', '46f8a883-da7c-49b3-b986-10a24b1e09ef'),
    -- Data Request: 81ae8571-9497-413a-99c5-237e72621ca7
    ('05560d75-627c-4db2-8e30-8b11431a9077', false,  NOW(),  NOW(), '81ae8571-9497-413a-99c5-237e72621ca7', '085e4b72-964d-4bd5-a3c9-224d8c5585af'),
    ('ac11413c-85b0-43ae-a7e6-f9344cbcd696', false,  NOW(),  NOW(), '81ae8571-9497-413a-99c5-237e72621ca7', 'a795d0b0-f177-4bb4-8e41-1ed12d358c79'),
    -- Data Request: 98a35e61-0162-4986-9e9e-ee5c65f86316
    ('2f4b193b-b1c7-4b0b-a5f2-b1516d8fbb95', false,  NOW(),  NOW(), '98a35e61-0162-4986-9e9e-ee5c65f86316', '2375219c-5fe3-458f-bd07-d3c2c87e2539'),
    ('d004dd0f-0133-460f-b4cc-8a5bca969e03', false,  NOW(),  NOW(), '98a35e61-0162-4986-9e9e-ee5c65f86316', '64e39df0-2e56-4204-9c44-a43e1e26a2e8'),
    -- Data Request: 341f558a-781c-4eb5-bab7-c2f39216b9f2
    ('7c8425a3-308c-4b8e-9f8b-e2c3908f3dd7', false,  NOW(),  NOW(), '341f558a-781c-4eb5-bab7-c2f39216b9f2', '0a808700-d89e-4fa0-a2b8-8edb15f3addd'),
    ('f6934cc1-30d4-4f68-87a0-9bb56fbc4716', false,  NOW(),  NOW(), '341f558a-781c-4eb5-bab7-c2f39216b9f2', 'ef4f42dd-eaa9-4af1-988c-86b47bd963fe'),
    ('8e7a74f1-6221-49e2-841c-cdc5bbaccae3', false,  NOW(),  NOW(), '341f558a-781c-4eb5-bab7-c2f39216b9f2', '2375219c-5fe3-458f-bd07-d3c2c87e2539'),
    ('1c73a7ee-ef7e-415e-b116-b71e910f6275', false,  NOW(),  NOW(), '341f558a-781c-4eb5-bab7-c2f39216b9f2', '1dad9f91-30d8-45c9-8c82-ad72f4cb22e7'),
    -- Data Request: 218bca06-e792-4855-bcd9-e3559cea3d18
    ('c05ebb09-e5f6-4fc8-b11b-c2ac13f1bc91', false,  NOW(),  NOW(), '218bca06-e792-4855-bcd9-e3559cea3d18', '6319423c-e4fc-4a47-be6e-43888f58f94f'),
    ('cd8acf48-6aa0-4220-a13f-b66439e7c053', false,  NOW(),  NOW(), '218bca06-e792-4855-bcd9-e3559cea3d18', 'c4d3b0a3-b486-40b8-a324-5029034433cc'),
    ('068af82c-44e8-4c28-88fc-64767f915e3b', false,  NOW(),  NOW(), '218bca06-e792-4855-bcd9-e3559cea3d18', '3e0bfd53-94c7-4a73-8d71-0f2c64313c3f'),
    ('62298891-14b3-47bd-9412-2e0c2743eab2', false,  NOW(),  NOW(), '218bca06-e792-4855-bcd9-e3559cea3d18', '593913ac-0294-431b-adf3-5227ff8fddff'),
    ('93d5da50-c799-4bd2-9097-d72b59896f5d', false,  NOW(),  NOW(), '218bca06-e792-4855-bcd9-e3559cea3d18', '298b653c-b326-40d3-a3d1-97e2e9d9ca22'),
    ('68f75183-b502-4004-a093-7f157dd111ce', false,  NOW(),  NOW(), '218bca06-e792-4855-bcd9-e3559cea3d18', 'e08af9d2-99ec-41b3-a77c-d4457415944f'),
    ('e9ec7241-9208-4847-8c15-38cd50044750', false,  NOW(),  NOW(), '218bca06-e792-4855-bcd9-e3559cea3d18', 'b17ae68a-42a8-47fe-ba7b-ec7105c5c5c7'),
    ('b8bbca0a-977f-4cad-9d68-acc6f0a0a9f0', false,  NOW(),  NOW(), '218bca06-e792-4855-bcd9-e3559cea3d18', '5da9e6e0-4c17-4683-af89-b49206472ae7'),
    ('7e66c1cd-7b9a-4b23-a926-275ce716e8b0', false,  NOW(),  NOW(), '218bca06-e792-4855-bcd9-e3559cea3d18', '5aa2ee15-4f66-46ed-aaf2-55e6db55f960'),
    ('a3bfbe6f-7df1-4d29-b74d-6723c50c6ca7', false,  NOW(),  NOW(), '218bca06-e792-4855-bcd9-e3559cea3d18', '7e4b1b3e-bcfb-4d94-923d-1277828de70b'),
    ('680583b8-d761-44cc-a42c-32587b21ceab', false,  NOW(),  NOW(), '218bca06-e792-4855-bcd9-e3559cea3d18', 'c6f18e45-95f8-47b3-9b11-9cbae351a9b2'),
    -- Data Request: dc7dbc72-084c-451f-aaf9-7db7561d157d
    ('a37895d4-be5d-408c-9b7f-2f778ac88573', false,  NOW(),  NOW(), 'dc7dbc72-084c-451f-aaf9-7db7561d157d', '2f28d2ec-8797-46fd-8149-9c70ac5f2ebe'),
    ('725e502d-ff8d-4d61-b1db-d9987f5b09ab', false,  NOW(),  NOW(), 'dc7dbc72-084c-451f-aaf9-7db7561d157d', '0b42afb7-3683-4065-9cb3-396995a5be97'),
    ('d932c3f7-d960-4a96-a6ed-70086820115e', false,  NOW(),  NOW(), 'dc7dbc72-084c-451f-aaf9-7db7561d157d', 'd10b898f-9796-4993-9654-8f092b97989d'),
    ('78f60b85-2f81-4fbe-b653-e43c61579809', false,  NOW(),  NOW(), 'dc7dbc72-084c-451f-aaf9-7db7561d157d', '59115547-cfd5-428a-9863-6cd1b2200013'),
    ('8aaac0b7-48e6-45ab-b0fa-e9b0b8ab5415', false,  NOW(),  NOW(), 'dc7dbc72-084c-451f-aaf9-7db7561d157d', 'ec5b9f05-0b8d-4833-9447-d7338fe1dc78'),
    ('48b52599-9b59-4726-b8c1-d0bc6c7e4d4f', false,  NOW(),  NOW(), 'dc7dbc72-084c-451f-aaf9-7db7561d157d', '88dcf0f9-8502-4596-b035-45c5d548d262'),
    ('68ea7668-7bfa-45d7-a46f-09ae0e5a05fb', false,  NOW(),  NOW(), 'dc7dbc72-084c-451f-aaf9-7db7561d157d', '54decb00-cecd-4c64-b368-8ab999130ac4'),
    ('30f1b9b6-f5ee-4656-9cb2-e9d93fbdb7e4', false,  NOW(),  NOW(), 'dc7dbc72-084c-451f-aaf9-7db7561d157d', 'd156f252-c8c0-49de-8541-149c35aada6c'),
    ('aed997b0-47ff-4267-af1d-62f12b3b0b68', false,  NOW(),  NOW(), 'dc7dbc72-084c-451f-aaf9-7db7561d157d', '720aa209-7aa8-4faf-8b1a-013a041084f2'),
    ('fe897edc-8bef-45b4-ae30-d55a225ba9f6', false,  NOW(),  NOW(), 'dc7dbc72-084c-451f-aaf9-7db7561d157d', 'b0a4ff29-cac4-4413-b8fb-7ff61f4ff2ac'),
    ('c348790a-4f9a-4769-9713-fbf20c181be0', false,  NOW(),  NOW(), 'dc7dbc72-084c-451f-aaf9-7db7561d157d', 'e6128e10-5d2b-4096-8356-b6523cb30e92');

    -- ===============================================
    -- users
    -- ===============================================
    INSERT INTO public.users (
        id, archived, created_at, modified_at, kt_id_p, agate_login_id, email,
        created_by, modified_by, address_country, address_locality, address_postal_code,
        address_street, family_name, given_name, phone_number, last_login_date, uid, roles_at_last_login
    ) VALUES
    ('550e8400-e29b-41d4-a716-446655440001', false, '2023-01-15 10:30:00', '2023-01-15 10:30:00', 'dummy_1', 'agate_user_1', 'john.smith@company.dummy.com', null, null, 'Switzerland', 'Zurich', '8001', 'Bahnhofstrasse 1', 'Smith', 'John', '+41793332211', '2024-01-15 09:15:30', 'USR001', jsonb_build_array('agridata.ch.Agridata_Einwilliger')),
    ('550e8400-e29b-41d4-a716-446655440002', false, '2023-01-16 11:45:00', '2023-01-16 11:45:00', 'dummy_2', 'agate_user_2', 'maria.mueller@tech.dummy.com', null, null, 'Switzerland', 'Geneva', '1201', 'Rue du Rhône 15', 'Mueller', 'Maria', '+41794445566', '2024-01-16 14:22:10', 'USR002', jsonb_build_array('agridata.ch.Agridata_Einwilliger')),
    ('550e8400-e29b-41d4-a716-446655440003', false, '2023-01-17 08:20:00', '2023-01-17 08:20:00', 'dummy_3', 'agate_user_3', 'peter.weber@finance.dummy.com', null, null, 'Switzerland', 'Basel', '4001', 'Freie Strasse 25', 'Weber', 'Peter', '+41795557788', '2024-01-17 16:45:22', 'USR003', jsonb_build_array('agridata.ch.Agridata_Einwilliger')),
    ('550e8400-e29b-41d4-a716-446655440004', false, '2023-01-18 09:15:00', '2023-01-18 09:15:00', 'dummy_4', 'agate_user_4', 'anna.schneider@marketing.dummy.com', null, null, 'Switzerland', 'Bern', '3001', 'Kramgasse 42', 'Schneider', 'Anna', '+41796669900', '2024-01-18 11:33:45', 'USR004', jsonb_build_array('agridata.ch.Agridata_Einwilliger')),
    ('550e8400-e29b-41d4-a716-446655440005', false, '2023-01-19 12:00:00', '2023-01-19 12:00:00', 'dummy_5', 'agate_user_5', 'thomas.fischer@sales.dummy.com', null, null, 'Switzerland', 'Lausanne', '1003', 'Place St-François 8', 'Fischer', 'Thomas', '+41797778811', '2024-01-19 08:12:15', 'USR005', jsonb_build_array('agridata.ch.Agridata_Einwilliger')),
    ('550e8400-e29b-41d4-a716-446655440006', false, '2023-01-20 14:30:00', '2023-01-20 14:30:00', 'dummy_6', 'agate_user_6', 'sarah.smith@hr.dummy.com', null, null, 'Switzerland', 'St. Gallen', '9001', 'Multergasse 12', 'Smith', 'Sarah', '+41798889922', '2024-01-20 13:45:33', 'USR006', jsonb_build_array('agridata.ch.Agridata_Einwilliger')),
    ('550e8400-e29b-41d4-a716-446655440007', false, '2023-01-21 16:15:00', '2023-01-21 16:15:00', 'dummy_7', 'agate_user_7', 'michael.mueller@it.dummy.com', null, null, 'Switzerland', 'Winterthur', '8400', 'Stadthausstrasse 6', 'Mueller', 'Michael', '+41799990033', '2024-01-21 10:28:44', 'USR007', jsonb_build_array('agridata.ch.Agridata_Einwilliger')),
    ('550e8400-e29b-41d4-a716-446655440008', false, '2023-01-22 07:45:00', '2023-01-22 07:45:00', 'dummy_8', 'agate_user_8', 'lisa.weber@admin.dummy.com', null, null, 'Switzerland', 'Lucerne', '6003', 'Hertensteinstrasse 3', 'Weber', 'Lisa', '+41791112244', '2024-01-22 15:55:12', 'USR008', jsonb_build_array('agridata.ch.Agridata_Einwilliger')),
    ('550e8400-e29b-41d4-a716-446655440009', false, '2023-01-23 13:20:00', '2023-01-23 13:20:00', 'dummy_9', 'agate_user_9', 'david.schneider@support.dummy.com', null, null, 'Switzerland', 'Thun', '3600', 'Bälliz 45', 'Schneider', 'David', '+41792223355', '2024-01-23 12:18:55', 'USR009', jsonb_build_array('agridata.ch.Agridata_Einwilliger')),
    ('550e8400-e29b-41d4-a716-446655440010', false, '2023-01-24 10:10:00', '2023-01-24 10:10:00', 'dummy_10', 'agate_user_10', 'emma.martin@design.dummy.com', null, null, 'Switzerland', 'Neuchâtel', '2000', 'Faubourg du Lac 7', 'Martin', 'Emma', '+41793334466', '2024-01-24 09:42:18', 'USR010', jsonb_build_array('agridata.ch.Agridata_Einwilliger')),
    ('550e8400-e29b-41d4-a716-446655440011', false, '2023-01-25 11:55:00', '2023-01-25 11:55:00', 'dummy_11', 'agate_user_11', 'oliver.johnson@legal.dummy.com', null, null, 'Switzerland', 'Fribourg', '1700', 'Rue de Romont 18', 'Johnson', 'Oliver', '+41794445577', '2024-01-25 16:25:30', 'USR011', jsonb_build_array('agridata.ch.Agridata_Einwilliger')),
    ('550e8400-e29b-41d4-a716-446655440012', false, '2023-01-26 15:40:00', '2023-01-26 15:40:00', 'dummy_12', 'agate_user_12', 'sophie.fischer@research.dummy.com', null, null, 'Switzerland', 'Schaffhausen', '8200', 'Vordergasse 23', 'Fischer', 'Sophie', '+41795556688', '2024-01-26 11:08:42', 'USR012', jsonb_build_array('agridata.ch.Agridata_Einwilliger')),
    ('550e8400-e29b-41d4-a716-446655440013', false, '2023-01-27 08:25:00', '2023-01-27 08:25:00', 'dummy_13', 'agate_user_13', 'james.brown@operations.dummy.com', null, null, 'Switzerland', 'Zug', '6300', 'Bahnhofstrasse 14', 'Brown', 'James', '+41796667799', '2024-01-27 14:33:25', 'USR013', jsonb_build_array('agridata.ch.Agridata_Einwilliger')),
    ('550e8400-e29b-41d4-a716-446655440014', false, '2023-01-28 12:30:00', '2023-01-28 12:30:00', 'dummy_14', 'agate_user_14', 'nina.smith@quality.dummy.com', null, null, 'Switzerland', 'Solothurn', '4500', 'Hauptgasse 32', 'Smith', 'Nina', '+41797778800', '2024-01-28 08:47:13', 'USR014', jsonb_build_array('agridata.ch.Agridata_Einwilliger')),
    ('550e8400-e29b-41d4-a716-446655440015', false, '2023-01-29 09:50:00', '2023-01-29 09:50:00', 'dummy_15', 'agate_user_15', 'robert.wilson@planning.dummy.com', null, null, 'Switzerland', 'Aarau', '5001', 'Rathausgasse 5', 'Wilson', 'Robert', '+41798889911', '2024-01-29 17:15:48', 'USR015', jsonb_build_array('agridata.ch.Agridata_Einwilliger')),
    ('550e8400-e29b-41d4-a716-446655440016', false, '2023-01-30 14:15:00', '2023-01-30 14:15:00', 'dummy_16', 'agate_user_16', 'julia.mueller@training.dummy.com', null, null, 'Switzerland', 'Baden', '5400', 'Mellingerstrasse 19', 'Mueller', 'Julia', '+41799990022', '2024-01-30 13:52:36', 'USR016', jsonb_build_array('agridata.ch.Agridata_Einwilliger')),
    ('550e8400-e29b-41d4-a716-446655440017', false, '2023-01-31 16:05:00', '2023-01-31 16:05:00', 'dummy_17', 'agate_user_17', 'kevin.davis@procurement.dummy.com', null, null, 'Switzerland', 'Wil', '9500', 'Obere Bahnhofstrasse 11', 'Davis', 'Kevin', '+41791113344', '2024-01-31 10:29:57', 'USR017', jsonb_build_array('agridata.ch.Agridata_Einwilliger')),
    ('550e8400-e29b-41d4-a716-446655440018', false, '2023-02-01 07:30:00', '2023-02-01 07:30:00', 'dummy_18', 'agate_user_18', 'laura.weber@communications.dummy.com', null, null, 'Switzerland', 'Chur', '7001', 'Poststrasse 27', 'Weber', 'Laura', '+41792224455', '2024-02-01 15:18:29', 'USR018', jsonb_build_array('agridata.ch.Agridata_Einwilliger')),
    ('550e8400-e29b-41d4-a716-446655440019', false, '2023-02-02 11:20:00', '2023-02-02 11:20:00', 'dummy_19', 'agate_user_19', 'benjamin.schneider@analytics.dummy.com', null, null, 'Switzerland', 'Bellinzona', '6500', 'Via Camminata 4', 'Schneider', 'Benjamin', '+41793335566', '2024-02-02 12:44:11', 'USR019', jsonb_build_array('agridata.ch.Agridata_Einwilliger')),
    ('550e8400-e29b-41d4-a716-446655440020', false, '2023-02-03 13:45:00', '2023-02-03 13:45:00', 'dummy_20', 'agate_user_20', 'chloe.martin@security.dummy.com', null, null, 'Switzerland', 'Sion', '1950', 'Rue du Scex 8', 'Martin', 'Chloe', '+41794446677', '2024-02-03 09:37:52', 'USR020', jsonb_build_array('agridata.ch.Agridata_Einwilliger')),
    ('550e8400-e29b-41d4-a716-446655440021', false, '2023-02-04 10:35:00', '2023-02-04 10:35:00', 'dummy_21', 'agate_user_21', 'alexander.johnson@strategy.dummy.com', null, null, 'Switzerland', 'Rapperswil', '8640', 'Fischmarktplatz 2', 'Johnson', 'Alexander', '+41795557788', '2024-02-04 16:21:34', 'USR021', jsonb_build_array('agridata.ch.Agridata_Einwilliger')),
    ('550e8400-e29b-41d4-a716-446655440022', false, '2023-02-05 15:10:00', '2023-02-05 15:10:00', 'dummy_22', 'agate_user_22', 'mia.fischer@projects.dummy.com', null, null, 'Switzerland', 'Burgdorf', '3400', 'Bahnhofstrasse 17', 'Fischer', 'Mia', '+41796668899', '2024-02-05 11:55:17', 'USR022', jsonb_build_array('agridata.ch.Agridata_Einwilliger')),
    ('550e8400-e29b-41d4-a716-446655440023', false, '2023-02-06 08:40:00', '2023-02-06 08:40:00', 'dummy_23', 'agate_user_23', 'noah.taylor@development.dummy.com', null, null, 'Switzerland', 'Olten', '4600', 'Hauptgasse 28', 'Taylor', 'Noah', '+41797779900', '2024-02-06 14:12:03', 'USR023', jsonb_build_array('agridata.ch.Agridata_Einwilliger')),
    ('550e8400-e29b-41d4-a716-446655440024', false, '2023-02-07 12:25:00', '2023-02-07 12:25:00', 'dummy_24', 'agate_user_24', 'isabella.smith@consulting.dummy.com', null, null, 'Switzerland', 'Kreuzlingen', '8280', 'Hauptstrasse 45', 'Smith', 'Isabella', '+41798880011', '2024-02-07 08:48:26', 'USR024', jsonb_build_array('agridata.ch.Agridata_Einwilliger')),
    ('550e8400-e29b-41d4-a716-446655440025', false, '2023-02-08 14:50:00', '2023-02-08 14:50:00', 'dummy_25', 'agate_user_25', 'lucas.brown@logistics.dummy.com', null, null, 'Switzerland', 'Grenchen', '2540', 'Bettlachstrasse 12', 'Brown', 'Lucas', '+41799991122', '2024-02-08 13:26:49', 'USR025', jsonb_build_array('agridata.ch.Agridata_Einwilliger')),
    ('550e8400-e29b-41d4-a716-446655440026', false, '2023-02-09 09:15:00', '2023-02-09 09:15:00', 'dummy_26', 'agate_user_26', 'grace.mueller@innovation.dummy.com', null, null, 'Switzerland', 'Monthey', '1870', 'Avenue de la Gare 9', 'Mueller', 'Grace', '+41791114455', '2024-02-09 17:03:38', 'USR026', jsonb_build_array('agridata.ch.Agridata_Einwilliger')),
    ('550e8400-e29b-41d4-a716-446655440027', false, '2023-02-10 16:30:00', '2023-02-10 16:30:00', 'dummy_27', 'agate_user_27', 'ethan.wilson@partnerships.dummy.com', null, null, 'Switzerland', 'Yverdon', '1400', 'Rue du Casino 15', 'Wilson', 'Ethan', '+41792225566', '2024-02-10 10:51:14', 'USR027', jsonb_build_array('agridata.ch.Agridata_Einwilliger')),
    ('550e8400-e29b-41d4-a716-446655440028', false, '2023-02-11 11:05:00', '2023-02-11 11:05:00', 'dummy_28', 'agate_user_28', 'ava.weber@customer.dummy.com', null, null, 'Switzerland', 'Wetzikon', '8620', 'Bahnhofstrasse 23', 'Weber', 'Ava', '+41793336677', '2024-02-11 15:38:52', 'USR028', jsonb_build_array('agridata.ch.Agridata_Einwilliger')),
    ('550e8400-e29b-41d4-a716-446655440029', false, '2023-02-12 13:55:00', '2023-02-12 13:55:00', 'dummy_29', 'agate_user_29', 'william.davis@facilities.dummy.com', null, null, 'Switzerland', 'Herisau', '9100', 'Poststrasse 7', 'Davis', 'William', '+41794447788', '2024-02-12 12:17:05', 'USR029', jsonb_build_array('agridata.ch.Agridata_Einwilliger')),
    ('550e8400-e29b-41d4-a716-446655440030', false, '2023-02-13 07:40:00', '2023-02-13 07:40:00', 'dummy_30', 'agate_user_30', 'ella.schneider@compliance.dummy.com', null, null, 'Switzerland', 'Langenthal', '4900', 'Marktgasse 34', 'Schneider', 'Ella', '+41795558899', '2024-02-13 09:43:21', 'USR030', jsonb_build_array('agridata.ch.Agridata_Einwilliger')),
    ('550e8400-e29b-41d4-a716-446655440031', false, '2023-02-14 10:20:00', '2023-02-14 10:20:00', 'dummy_31', 'agate_user_31', 'henry.martin@inventory.dummy.com', null, null, 'Switzerland', 'Biel', '2501', 'Nidaugasse 18', 'Martin', 'Henry', '+41796669900', '2024-02-14 16:59:47', 'USR031', jsonb_build_array('agridata.ch.Agridata_Einwilliger')),
    ('550e8400-e29b-41d4-a716-446655440032', false, '2023-02-15 15:00:00', '2023-02-15 15:00:00', 'dummy_32', 'agate_user_32', 'zoe.johnson@treasury.dummy.com', null, null, 'Switzerland', 'Muttenz', '4132', 'Hauptstrasse 21', 'Johnson', 'Zoe', '+41797770011', '2024-02-15 11:24:18', 'USR032', jsonb_build_array('agridata.ch.Agridata_Einwilliger')),
    ('550e8400-e29b-41d4-a716-446655440033', false, '2023-02-16 08:35:00', '2023-02-16 08:35:00', 'dummy_33', 'agate_user_33', 'jacob.fischer@audit.dummy.com', null, null, 'Switzerland', 'Dietikon', '8953', 'Bremgartnerstrasse 5', 'Fischer', 'Jacob', '+41798881122', '2024-02-16 14:16:33', 'USR033', jsonb_build_array('agridata.ch.Agridata_Einwilliger')),
    ('550e8400-e29b-41d4-a716-446655440034', false, '2023-02-17 12:15:00', '2023-02-17 12:15:00', 'dummy_34', 'agate_user_34', 'lily.taylor@budgeting.dummy.com', null, null, 'Switzerland', 'Kloten', '8302', 'Kirchgasse 13', 'Taylor', 'Lily', '+41799992233', '2024-02-17 08:35:56', 'USR034', jsonb_build_array('agridata.ch.Agridata_Einwilliger')),
    ('550e8400-e29b-41d4-a716-446655440035', false, '2023-02-18 14:45:00', '2023-02-18 14:45:00', 'dummy_35', 'agate_user_35', 'owen.brown@maintenance.dummy.com', null, null, 'Switzerland', 'Pratteln', '4133', 'Güterstrasse 9', 'Brown', 'Owen', '+41791115544', '2024-02-18 13:08:12', 'USR035', jsonb_build_array('agridata.ch.Agridata_Einwilliger')),
    ('550e8400-e29b-41d4-a716-446655440036', false, '2023-02-19 09:25:00', '2023-02-19 09:25:00', 'dummy_36', 'agate_user_36', 'aria.smith@events.dummy.com', null, null, 'Switzerland', 'Uster', '8610', 'Bahnhofstrasse 31', 'Smith', 'Aria', '+41792226655', '2024-02-19 17:42:28', 'USR036', jsonb_build_array('agridata.ch.Agridata_Einwilliger')),
    ('550e8400-e29b-41d4-a716-446655440037', false, '2023-02-20 16:10:00', '2023-02-20 16:10:00', 'dummy_37', 'agate_user_37', 'carter.wilson@wellness.dummy.com', null, null, 'Switzerland', 'Nyon', '1260', 'Rue de la Gare 6', 'Wilson', 'Carter', '+41793337766', '2024-02-20 10:57:44', 'USR037', jsonb_build_array('agridata.ch.Agridata_Einwilliger')),
    ('550e8400-e29b-41d4-a716-446655440038', false, '2023-02-21 11:50:00', '2023-02-21 11:50:00', 'dummy_38', 'agate_user_38', 'maya.mueller@sustainability.dummy.com', null, null, 'Switzerland', 'Sierre', '3960', 'Avenue Général-Guisan 22', 'Mueller', 'Maya', '+41794448877', '2024-02-21 15:19:07', 'USR038', jsonb_build_array('agridata.ch.Agridata_Einwilliger')),
    ('550e8400-e29b-41d4-a716-446655440039', false, '2023-02-22 13:30:00', '2023-02-22 13:30:00', 'dummy_39', 'agate_user_39', 'grayson.davis@relations.dummy.com', null, null, 'Switzerland', 'Vernier', '1214', 'Route de Meyrin 17', 'Davis', 'Grayson', '+41795559988', '2024-02-22 12:36:53', 'USR039', jsonb_build_array('agridata.ch.Agridata_Einwilliger')),
    ('550e8400-e29b-41d4-a716-446655440040', false, '2023-02-23 07:55:00', '2023-02-23 07:55:00', 'dummy_40', 'agate_user_40', 'harper.weber@transformation.dummy.com', null, null, 'Switzerland', 'Carouge', '1227', 'Rue St-Joseph 4', 'Weber', 'Harper', '+41796660099', '2024-02-23 09:14:26', 'USR040', jsonb_build_array('agridata.ch.Agridata_Einwilliger')),
    ('550e8400-e29b-41d4-a716-446655440041', false, '2023-02-24 10:40:00', '2023-02-24 10:40:00', 'dummy_41', 'agate_user_41', 'leo.schneider@excellence.dummy.com', null, null, 'Switzerland', 'Vevey', '1800', 'Rue du Lac 11', 'Schneider', 'Leo', '+41797771100', '2024-02-24 16:48:39', 'USR041', jsonb_build_array('agridata.ch.Agridata_Einwilliger')),
    ('550e8400-e29b-41d4-a716-446655440042', false, '2023-02-25 15:20:00', '2023-02-25 15:20:00', 'dummy_42', 'agate_user_42', 'nova.martin@expansion.dummy.com', null, null, 'Switzerland', 'Morges', '1110', 'Grand-Rue 25', 'Martin', 'Nova', '+41798882211', '2024-02-25 11:32:15', 'USR042', jsonb_build_array('agridata.ch.Agridata_Einwilliger')),
    ('550e8400-e29b-41d4-a716-446655440043', false, '2023-02-26 08:00:00', '2023-02-26 08:00:00', 'dummy_43', 'agate_user_43', 'hudson.johnson@optimization.dummy.com', null, null, 'Switzerland', 'Renens', '1020', 'Avenue du 14-Avril 8', 'Johnson', 'Hudson', '+41799993322', '2024-02-26 14:07:41', 'USR043', jsonb_build_array('agridata.ch.Agridata_Einwilliger')),
    ('550e8400-e29b-41d4-a716-446655440044', false, '2023-02-27 12:35:00', '2023-02-27 12:35:00', 'dummy_44', 'agate_user_44', 'hazel.fischer@integration.dummy.com', null, null, 'Switzerland', 'Steffisburg', '3612', 'Oberdorfstrasse 19', 'Fischer', 'Hazel', '+41791116633', '2024-02-27 08:53:27', 'USR044', jsonb_build_array('agridata.ch.Agridata_Einwilliger')),
    ('550e8400-e29b-41d4-a716-446655440045', false, '2023-02-28 14:25:00', '2023-02-28 14:25:00', 'dummy_45', 'agate_user_45', 'axel.taylor@performance.dummy.com', null, null, 'Switzerland', 'Allschwil', '4123', 'Baslerstrasse 14', 'Taylor', 'Axel', '+41792227744', '2024-02-28 13:25:08', 'USR045', jsonb_build_array('agridata.ch.Agridata_Einwilliger')),
    ('550e8400-e29b-41d4-a716-446655440046', false, '2023-03-01 09:10:00', '2023-03-01 09:10:00', 'dummy_46', 'agate_user_46', 'violet.brown@innovation.dummy.com', null, null, 'Switzerland', 'Horgen', '8810', 'Seestrasse 29', 'Brown', 'Violet', '+41793338855', '2024-03-01 17:11:54', 'USR046', jsonb_build_array('agridata.ch.Agridata_Einwilliger')),
    ('550e8400-e29b-41d4-a716-446655440047', false, '2023-03-02 16:45:00', '2023-03-02 16:45:00', 'dummy_47', 'agate_user_47', 'felix.smith@ventures.dummy.com', null, null, 'Switzerland', 'Wädenswil', '8820', 'Bahnhofstrasse 7', 'Smith', 'Felix', '+41794449966', '2024-03-02 10:46:31', 'USR047', jsonb_build_array('agridata.ch.Agridata_Einwilliger')),
    ('550e8400-e29b-41d4-a716-446655440048', false, '2023-03-03 11:30:00', '2023-03-03 11:30:00', 'dummy_48', 'agate_user_48', 'aurora.wilson@insights.dummy.com', null, null, 'Switzerland', 'Thalwil', '8800', 'Gotthardstrasse 12', 'Wilson', 'Aurora', '+41795550077', '2024-03-03 15:28:17', 'USR048', jsonb_build_array('agridata.ch.Agridata_Einwilliger')),
    ('550e8400-e29b-41d4-a716-446655440049', false, '2023-03-04 13:15:00', '2023-03-04 13:15:00', 'dummy_49', 'agate_user_49', 'finn.mueller@solutions.dummy.com', null, null, 'Switzerland', 'Küsnacht', '8700', 'Seestrasse 44', 'Mueller', 'Finn', '+41796661188', '2024-03-04 12:15:43', 'USR049', jsonb_build_array('agridata.ch.Agridata_Einwilliger')),
    ('550e8400-e29b-41d4-a716-446655440050', false, '2023-03-05 07:20:00', '2023-03-05 07:20:00', 'dummy_50', 'agate_user_50', 'luna.davis@platforms.dummy.com', null, null, 'Switzerland', 'Adliswil', '8134', 'Zürichstrasse 16', 'Davis', 'Luna', '+41797772299', '2024-03-05 09:34:29', 'USR050', jsonb_build_array('agridata.ch.Agridata_Einwilliger')),
    ('550e8400-e29b-41d4-a716-446655440051', false, '2023-03-06 10:05:00', '2023-03-06 10:05:00', 'dummy_51', 'agate_user_51', 'jasper.weber@systems.dummy.com', null, null, 'Switzerland', 'Rüti', '8630', 'Bandwiesstrasse 3', 'Weber', 'Jasper', '+41798883300', '2024-03-06 16:52:05', 'USR051', jsonb_build_array('agridata.ch.Agridata_Einwilliger')),
    ('550e8400-e29b-41d4-a716-446655440052', false, '2023-03-07 15:50:00', '2023-03-07 15:50:00', 'dummy_52', 'agate_user_52', 'ruby.schneider@networks.dummy.com', null, null, 'Switzerland', 'Wallisellen', '8304', 'Richtistrasse 21', 'Schneider', 'Ruby', '+41799994411', '2024-03-07 11:18:46', 'USR052', jsonb_build_array('agridata.ch.Agridata_Einwilliger')),
    ('550e8400-e29b-41d4-a716-446655440053', false, '2023-03-08 08:30:00', '2023-03-08 08:30:00', 'dummy_53', 'agate_user_53', 'river.martin@processes.dummy.com', null, null, 'Switzerland', 'Opfikon', '8152', 'Wallisellerstrasse 8', 'Martin', 'River', '+41791117755', '2024-03-08 14:41:22', 'USR053', jsonb_build_array('agridata.ch.Agridata_Einwilliger')),
    ('550e8400-e29b-41d4-a716-446655440054', false, '2023-03-09 12:40:00', '2023-03-09 12:40:00', 'dummy_54', 'agate_user_54', 'sage.johnson@frameworks.dummy.com', null, null, 'Switzerland', 'Dübendorf', '8600', 'Bahnhofstrasse 26', 'Johnson', 'Sage', '+41792228866', '2024-03-09 08:29:58', 'USR054', jsonb_build_array('agridata.ch.Agridata_Einwilliger'));

-- ===============================================
-- notification_template
-- ===============================================
INSERT INTO notification_template (id, archived, created_at, modified_at, event_type_code, template_version, email_subject, email_text,
                                   webapp_text, mobile_text, required_generic_placeholders)
VALUES ('a0000000-1111-2222-3333-000000000001', false, NOW(), NOW(), 'EXAMPLE_NOTIFICATION_1', 1, '{"de": "Beispiel Benachrichtigung 1", "fr": "Exemple de notification 1", "it": "Esempio di notifica 1"}', '{"de": "Beispiel Email Benachrichtigungstext 1, mit Beispiel-Platzhalter {{example}}.", "fr": "Exemple de texte de notification par e-mail 1, avec l''espace réservé {{example}}.", "it": "Esempio di testo di notifica via e-mail 1, con il segnaposto di esempio {{example}}."}', '{"de": "Beispiel Benachrichtigung 1", "fr": "Exemple de notification 1", "it": "Esempio di notifica 1"}', '{"de": "Beispiel Benachrichtigung 1", "fr": "Exemple de notification 1", "it": "Esempio di notifica 1"}', '["requestTitle"]'),
       ('a0000000-1111-2222-3333-000000000002', false, NOW(), NOW(), 'EXAMPLE_NOTIFICATION_2', 1, '{"de": "Beispiel Benachrichtigung 2", "fr": "Exemple de notification 2", "it": "Esempio di notifica 2"}', '{"de": "Beispiel Email Benachrichtigungstext 2, mit Beispiel-Platzhalter {{example}}.", "fr": "Exemple de texte de notification par e-mail 2, avec l''espace réservé {{example}}.", "it": "Esempio di testo di notifica via e-mail 2, con il segnaposto di esempio {{example}}."}', '{"de": "Beispiel Benachrichtigung 2", "fr": "Exemple de notification 2", "it": "Esempio di notifica 2"}', '{"de": "Beispiel Benachrichtigung 2", "fr": "Exemple de notification 2", "it": "Esempio di notifica 2"}',   '["requestTitle"]');

-- ===============================================
-- notification_batch
-- ===============================================
INSERT INTO notification_batch (id, archived, created_at, modified_at, template_id, generic_placeholders, status_code)
VALUES ('b0000000-1111-2222-3333-000000000001', false, NOW(), NOW(), 'a0000000-1111-2222-3333-000000000001', '{"example": "-Platzhalter 1 ausgefüllt-"}', 'COMPLETE'),
       ('b0000000-1111-2222-3333-000000000002', false, NOW(), NOW(), 'a0000000-1111-2222-3333-000000000002', '{"example": "-Platzhalter 2 ausgefüllt-"}', 'COMPLETE');

-- ===============================================
-- notification_recipient
-- ===============================================
INSERT INTO notification_recipient (id, archived, created_at, modified_at, batch_id, user_id, email)
VALUES ('c0000000-1111-2222-3333-000000000001', false, NOW(), NOW(), 'b0000000-1111-2222-3333-000000000001', 'd92e4c08-039f-532c-927f-aeabbc1a04f1', 'test-date@agridata.local'),
       ('c0000000-1111-2222-3333-000000000002', false, NOW(), NOW(), 'b0000000-1111-2222-3333-000000000001', 'f9fd1071-f276-58c8-be12-e1703c72576f', 'test-date@agridata.local'),
       ('c0000000-1111-2222-3333-000000000003', false, NOW(), NOW(), 'b0000000-1111-2222-3333-000000000001', 'dd844010-7127-52cb-918a-4671506b1de1', 'test-date@agridata.local'),
       ('c0000000-1111-2222-3333-000000000004', false, NOW(), NOW(), 'b0000000-1111-2222-3333-000000000001', '1b55eb14-beaf-5417-9313-ad8c58ed3694', 'test-date@agridata.local'),
       ('c0000000-1111-2222-3333-000000000005', false, NOW(), NOW(), 'b0000000-1111-2222-3333-000000000001', 'd15e3043-677a-5bc7-907a-e6d23ba688b8', 'test-date@agridata.local'),
       ('c0000000-1111-2222-3333-000000000006', false, NOW(), NOW(), 'b0000000-1111-2222-3333-000000000001', '6f7c9c09-7d03-5c9e-af39-557d4cc39d0a', 'test-date@agridata.local'),
       ('c0000000-1111-2222-3333-000000000007', false, NOW(), NOW(), 'b0000000-1111-2222-3333-000000000001', 'c84f1403-717a-581a-acff-2584781e4c8f', 'test-date@agridata.local'),
       ('c0000000-1111-2222-3333-000000000008', false, NOW(), NOW(), 'b0000000-1111-2222-3333-000000000001', '4d036f00-0a93-5504-9927-a4acd89c47ad', 'test-date@agridata.local'),
       ('c0000000-1111-2222-3333-000000000009', false, NOW(), NOW(), 'b0000000-1111-2222-3333-000000000001', '012347f3-ecac-517d-97df-3093b4ca66ee', 'test-date@agridata.local'),
       ('c0000000-1111-2222-3333-000000000010', false, NOW(), NOW(), 'b0000000-1111-2222-3333-000000000001', 'eeb98b83-82f4-543f-b2f0-fe2741584c07', 'test-date@agridata.local'),
       ('c0000000-1111-2222-3333-000000000011', false, NOW(), NOW(), 'b0000000-1111-2222-3333-000000000001', '1298de0e-610b-5243-b503-eaa49abc825c', 'test-date@agridata.local'),
       ('c0000000-1111-2222-3333-000000000012', false, NOW(), NOW(), 'b0000000-1111-2222-3333-000000000001', 'c961d6d8-fc8f-51f8-8940-ff75a90cfc89', 'test-date@agridata.local'),
       ('c0000000-1111-2222-3333-000000000013', false, NOW(), NOW(), 'b0000000-1111-2222-3333-000000000001', '50e3e41c-3f5f-5c50-887a-99a86d5e9038', 'test-date@agridata.local'),
       ('c0000000-1111-2222-3333-000000000014', false, NOW(), NOW(), 'b0000000-1111-2222-3333-000000000001', '0f56fb6d-f217-5ebb-aabc-c88117732e21', 'test-date@agridata.local'),
       ('c0000000-1111-2222-3333-000000000015', false, NOW(), NOW(), 'b0000000-1111-2222-3333-000000000002', 'd92e4c08-039f-532c-927f-aeabbc1a04f1', 'test-date@agridata.local'),
       ('c0000000-1111-2222-3333-000000000016', false, NOW(), NOW(), 'b0000000-1111-2222-3333-000000000002', 'f9fd1071-f276-58c8-be12-e1703c72576f', 'test-date@agridata.local'),
       ('c0000000-1111-2222-3333-000000000017', false, NOW(), NOW(), 'b0000000-1111-2222-3333-000000000002', 'dd844010-7127-52cb-918a-4671506b1de1', 'test-date@agridata.local'),
       ('c0000000-1111-2222-3333-000000000018', false, NOW(), NOW(), 'b0000000-1111-2222-3333-000000000002', '1b55eb14-beaf-5417-9313-ad8c58ed3694', 'test-date@agridata.local'),
       ('c0000000-1111-2222-3333-000000000019', false, NOW(), NOW(), 'b0000000-1111-2222-3333-000000000002', 'd15e3043-677a-5bc7-907a-e6d23ba688b8', 'test-date@agridata.local'),
       ('c0000000-1111-2222-3333-000000000020', false, NOW(), NOW(), 'b0000000-1111-2222-3333-000000000002', '6f7c9c09-7d03-5c9e-af39-557d4cc39d0a', 'test-date@agridata.local'),
       ('c0000000-1111-2222-3333-000000000021', false, NOW(), NOW(), 'b0000000-1111-2222-3333-000000000002', 'c84f1403-717a-581a-acff-2584781e4c8f', 'test-date@agridata.local'),
       ('c0000000-1111-2222-3333-000000000022', false, NOW(), NOW(), 'b0000000-1111-2222-3333-000000000002', '4d036f00-0a93-5504-9927-a4acd89c47ad', 'test-date@agridata.local'),
       ('c0000000-1111-2222-3333-000000000023', false, NOW(), NOW(), 'b0000000-1111-2222-3333-000000000002', '012347f3-ecac-517d-97df-3093b4ca66ee', 'test-date@agridata.local'),
       ('c0000000-1111-2222-3333-000000000024', false, NOW(), NOW(), 'b0000000-1111-2222-3333-000000000002', 'eeb98b83-82f4-543f-b2f0-fe2741584c07', 'test-date@agridata.local'),
       ('c0000000-1111-2222-3333-000000000025', false, NOW(), NOW(), 'b0000000-1111-2222-3333-000000000002', '1298de0e-610b-5243-b503-eaa49abc825c', 'test-date@agridata.local'),
       ('c0000000-1111-2222-3333-000000000026', false, NOW(), NOW(), 'b0000000-1111-2222-3333-000000000002', 'c961d6d8-fc8f-51f8-8940-ff75a90cfc89', 'test-date@agridata.local'),
       ('c0000000-1111-2222-3333-000000000027', false, NOW(), NOW(), 'b0000000-1111-2222-3333-000000000002', '50e3e41c-3f5f-5c50-887a-99a86d5e9038', 'test-date@agridata.local'),
       ('c0000000-1111-2222-3333-000000000028', false, NOW(), NOW(), 'b0000000-1111-2222-3333-000000000002', '0f56fb6d-f217-5ebb-aabc-c88117732e21', 'test-date@agridata.local');

-- ===============================================
-- notification_inbox
-- ===============================================
INSERT INTO notification_inbox (id, archived, created_at, modified_at, recipient_id, user_id, is_read)
VALUES ('d0000000-1111-2222-3333-000000000001', false, NOW(), NOW(), 'c0000000-1111-2222-3333-000000000001', 'd92e4c08-039f-532c-927f-aeabbc1a04f1', false),
       ('d0000000-1111-2222-3333-000000000002', false, NOW(), NOW(), 'c0000000-1111-2222-3333-000000000002', 'f9fd1071-f276-58c8-be12-e1703c72576f', false),
       ('d0000000-1111-2222-3333-000000000003', false, NOW(), NOW(), 'c0000000-1111-2222-3333-000000000003', 'dd844010-7127-52cb-918a-4671506b1de1', false),
       ('d0000000-1111-2222-3333-000000000004', false, NOW(), NOW(), 'c0000000-1111-2222-3333-000000000004', '1b55eb14-beaf-5417-9313-ad8c58ed3694', false),
       ('d0000000-1111-2222-3333-000000000005', false, NOW(), NOW(), 'c0000000-1111-2222-3333-000000000005', 'd15e3043-677a-5bc7-907a-e6d23ba688b8', false),
       ('d0000000-1111-2222-3333-000000000006', false, NOW(), NOW(), 'c0000000-1111-2222-3333-000000000006', '6f7c9c09-7d03-5c9e-af39-557d4cc39d0a', false),
       ('d0000000-1111-2222-3333-000000000007', false, NOW(), NOW(), 'c0000000-1111-2222-3333-000000000007', 'c84f1403-717a-581a-acff-2584781e4c8f', false),
       ('d0000000-1111-2222-3333-000000000008', false, NOW(), NOW(), 'c0000000-1111-2222-3333-000000000008', '4d036f00-0a93-5504-9927-a4acd89c47ad', false),
       ('d0000000-1111-2222-3333-000000000009', false, NOW(), NOW(), 'c0000000-1111-2222-3333-000000000009', '012347f3-ecac-517d-97df-3093b4ca66ee', false),
       ('d0000000-1111-2222-3333-000000000010', false, NOW(), NOW(), 'c0000000-1111-2222-3333-000000000010', 'eeb98b83-82f4-543f-b2f0-fe2741584c07', false),
       ('d0000000-1111-2222-3333-000000000011', false, NOW(), NOW(), 'c0000000-1111-2222-3333-000000000011', '1298de0e-610b-5243-b503-eaa49abc825c', false),
       ('d0000000-1111-2222-3333-000000000012', false, NOW(), NOW(), 'c0000000-1111-2222-3333-000000000012', 'c961d6d8-fc8f-51f8-8940-ff75a90cfc89', false),
       ('d0000000-1111-2222-3333-000000000013', false, NOW(), NOW(), 'c0000000-1111-2222-3333-000000000013', '50e3e41c-3f5f-5c50-887a-99a86d5e9038', false),
       ('d0000000-1111-2222-3333-000000000014', false, NOW(), NOW(), 'c0000000-1111-2222-3333-000000000014', '0f56fb6d-f217-5ebb-aabc-c88117732e21', true),
       ('d0000000-1111-2222-3333-000000000015', false, NOW(), NOW(), 'c0000000-1111-2222-3333-000000000015', 'd92e4c08-039f-532c-927f-aeabbc1a04f1', true),
       ('d0000000-1111-2222-3333-000000000016', false, NOW(), NOW(), 'c0000000-1111-2222-3333-000000000016', 'f9fd1071-f276-58c8-be12-e1703c72576f', true),
       ('d0000000-1111-2222-3333-000000000017', false, NOW(), NOW(), 'c0000000-1111-2222-3333-000000000017', 'dd844010-7127-52cb-918a-4671506b1de1', true),
       ('d0000000-1111-2222-3333-000000000018', false, NOW(), NOW(), 'c0000000-1111-2222-3333-000000000018', '1b55eb14-beaf-5417-9313-ad8c58ed3694', true),
       ('d0000000-1111-2222-3333-000000000019', false, NOW(), NOW(), 'c0000000-1111-2222-3333-000000000019', 'd15e3043-677a-5bc7-907a-e6d23ba688b8', true),
       ('d0000000-1111-2222-3333-000000000020', false, NOW(), NOW(), 'c0000000-1111-2222-3333-000000000020', '6f7c9c09-7d03-5c9e-af39-557d4cc39d0a', true),
       ('d0000000-1111-2222-3333-000000000021', false, NOW(), NOW(), 'c0000000-1111-2222-3333-000000000021', 'c84f1403-717a-581a-acff-2584781e4c8f', true),
       ('d0000000-1111-2222-3333-000000000022', false, NOW(), NOW(), 'c0000000-1111-2222-3333-000000000022', '4d036f00-0a93-5504-9927-a4acd89c47ad', true),
       ('d0000000-1111-2222-3333-000000000023', false, NOW(), NOW(), 'c0000000-1111-2222-3333-000000000023', '012347f3-ecac-517d-97df-3093b4ca66ee', true),
       ('d0000000-1111-2222-3333-000000000024', false, NOW(), NOW(), 'c0000000-1111-2222-3333-000000000024', 'eeb98b83-82f4-543f-b2f0-fe2741584c07', true),
       ('d0000000-1111-2222-3333-000000000025', false, NOW(), NOW(), 'c0000000-1111-2222-3333-000000000025', '1298de0e-610b-5243-b503-eaa49abc825c', true),
       ('d0000000-1111-2222-3333-000000000026', false, NOW(), NOW(), 'c0000000-1111-2222-3333-000000000026', 'c961d6d8-fc8f-51f8-8940-ff75a90cfc89', true),
       ('d0000000-1111-2222-3333-000000000027', false, NOW(), NOW(), 'c0000000-1111-2222-3333-000000000027', '50e3e41c-3f5f-5c50-887a-99a86d5e9038', true),
       ('d0000000-1111-2222-3333-000000000028', false, NOW(), NOW(), 'c0000000-1111-2222-3333-000000000028', '0f56fb6d-f217-5ebb-aabc-c88117732e21', true);

-- ===============================================
-- notification_dispatch
-- ===============================================
INSERT INTO notification_dispatch (id, archived, created_at, modified_at, recipient_id, channel_code, status_code, error)
VALUES ('e0000000-1111-2222-3333-000000000001', false, NOW(), NOW(), 'c0000000-1111-2222-3333-000000000001', 'EMAIL', 'SUBMITTED',   null                     ),
       ('e0000000-1111-2222-3333-000000000002', false, NOW(), NOW(), 'c0000000-1111-2222-3333-000000000002', 'EMAIL', 'FAILED', 'SMTP connection timeout');
